Age,Attrition,BusinessTravel,DailyRate,Department,DistanceFromHome,Education,EducationField,EnvironmentSatisfaction,Gender,HourlyRate,JobInvolvement,JobLevel,JobRole,JobSatisfaction,MaritalStatus,MonthlyIncome,MonthlyRate,NumCompaniesWorked,OverTime,PercentSalaryHike,PerformanceRating,RelationshipSatisfaction,StockOptionLevel,TotalWorkingYears,TrainingTimesLastYear,WorkLifeBalance,YearsAtCompany,YearsInCurrentRole,YearsSinceLastPromotion,YearsWithCurrManager,IncomePerYearExp,PromotionDelay,EngagementScore,WorkloadStress,HighPerf_NoPromo,JobHopperIndex,LoyaltyScore,DissatisfactionRisk
47,0,Travel_Rarely,1225,Sales,2,4,Life Sciences,2,Female,47,4,4,Manager,2,Divorced,15972,21086,6,0,14,3,3,3,29,2,3,3,2,1,2,532.4,2,2.3333333333333335,0,0,0.1935483870967742,0.1,0
22,0,Travel_Rarely,594,Research & Development,2,1,Technical Degree,3,Male,100,3,1,Laboratory Technician,4,Married,2523,19299,0,0,14,3,3,1,3,2,3,2,1,2,1,630.75,0,3.3333333333333335,0,0,0.0,0.5,0
46,0,Travel_Rarely,406,Sales,3,1,Marketing,1,Male,52,3,4,Manager,3,Married,17465,15596,3,0,12,3,4,1,23,3,3,12,9,4,9,727.7083333333334,8,2.6666666666666665,0,0,0.1,0.5,0
25,0,Travel_Rarely,622,Sales,13,1,Medical,2,Male,40,3,1,Sales Representative,3,Married,2096,26376,1,0,11,3,3,0,7,1,3,7,4,0,6,262.0,7,2.6666666666666665,0,0,0.1111111111111111,0.875,1
43,0,Travel_Frequently,1001,Research & Development,9,5,Medical,4,Male,72,3,2,Laboratory Technician,3,Divorced,5679,19627,3,1,13,3,2,1,10,3,3,8,7,4,7,516.2727272727273,4,3.0,0,0,0.1111111111111111,0.7272727272727273,0
28,1,Travel_Rarely,1157,Research & Development,2,4,Medical,1,Male,84,1,1,Research Scientist,4,Married,3464,24737,5,1,13,3,4,0,5,4,2,3,2,2,2,577.3333333333334,1,3.0,1,0,0.4166666666666667,0.5,2
51,0,Travel_Rarely,833,Research & Development,1,3,Life Sciences,3,Male,96,3,1,Research Scientist,4,Married,2723,23231,1,0,11,3,2,0,1,0,2,1,0,0,0,1361.5,1,3.0,0,0,0.02857142857142857,0.5,1
43,0,Travel_Frequently,1082,Research & Development,27,3,Life Sciences,3,Female,83,3,3,Manufacturing Director,1,Married,10820,11535,8,0,11,3,3,1,18,1,3,8,7,0,1,569.4736842105264,8,2.3333333333333335,0,0,0.2962962962962963,0.42105263157894735,1
40,0,Travel_Rarely,118,Sales,14,2,Life Sciences,4,Female,84,3,2,Sales Executive,1,Married,4639,11262,1,0,15,3,3,1,5,2,3,5,4,1,2,773.1666666666666,4,2.6666666666666665,0,0,0.041666666666666664,0.8333333333333334,0
27,0,Travel_Rarely,205,Sales,10,3,Marketing,4,Female,98,2,2,Sales Executive,4,Married,5769,7100,1,1,11,3,4,0,6,3,3,6,2,4,4,824.1428571428571,2,4.0,0,0,0.09090909090909091,0.8571428571428571,2
36,1,Travel_Rarely,1218,Sales,9,4,Life Sciences,3,Male,82,2,1,Sales Representative,1,Single,3407,6986,7,0,23,4,2,0,10,4,3,5,3,0,3,309.72727272727275,5,2.0,0,0,0.35,0.45454545454545453,2
29,0,Travel_Rarely,694,Research & Development,1,3,Life Sciences,4,Female,87,2,4,Research Director,4,Divorced,16124,3423,3,0,14,3,2,2,9,2,2,7,7,1,7,1612.4,6,3.3333333333333335,0,0,0.23076923076923078,0.7,1
45,0,Travel_Rarely,549,Research & Development,8,4,Other,4,Male,75,3,2,Research Scientist,4,Married,3697,9278,9,0,14,3,1,2,12,3,3,10,9,9,8,284.38461538461536,1,3.0,0,0,0.3103448275862069,0.7692307692307693,0
23,0,Travel_Rarely,507,Research & Development,20,1,Life Sciences,1,Male,97,3,2,Laboratory Technician,3,Single,2272,24812,0,0,14,3,2,0,5,2,3,4,3,1,2,378.6666666666667,3,2.0,0,0,0.0,0.6666666666666666,2
34,0,Travel_Frequently,669,Research & Development,1,3,Medical,4,Male,97,2,2,Healthcare Representative,1,Single,5343,25755,0,0,20,4,3,0,14,3,3,13,9,4,9,356.2,9,2.6666666666666665,0,1,0.0,0.8666666666666667,2
19,1,Travel_Rarely,303,Research & Development,2,3,Life Sciences,2,Male,47,2,1,Laboratory Technician,4,Single,1102,9241,1,0,22,4,3,0,1,3,2,1,0,1,0,551.0,0,3.0,0,0,0.3333333333333333,0.5,2
44,1,Travel_Rarely,621,Research & Development,15,3,Medical,1,Female,73,3,3,Healthcare Representative,4,Married,7978,14075,1,0,11,3,4,1,10,2,3,10,7,0,5,725.2727272727273,10,3.0,0,0,0.03571428571428571,0.9090909090909091,0
47,0,Non-Travel,1169,Research & Development,14,4,Technical Degree,3,Male,64,3,2,Research Scientist,2,Married,5467,2125,8,0,18,3,3,1,16,4,4,8,7,1,7,321.5882352941176,7,2.6666666666666665,0,0,0.25806451612903225,0.47058823529411764,0
31,0,Travel_Rarely,218,Sales,7,3,Technical Degree,2,Male,100,4,2,Sales Executive,4,Married,6929,12241,4,0,11,3,2,1,10,3,2,8,7,7,7,629.9090909090909,1,2.6666666666666665,0,0,0.26666666666666666,0.7272727272727273,0
46,0,Travel_Frequently,638,Research & Development,1,3,Medical,3,Male,40,2,3,Healthcare Representative,1,Married,10673,3142,2,1,13,3,3,1,21,5,2,10,9,9,5,485.1363636363636,1,2.3333333333333335,1,0,0.06666666666666667,0.45454545454545453,1
33,0,Travel_Rarely,117,Research & Development,9,3,Medical,1,Male,60,3,1,Research Scientist,4,Married,2781,6311,0,0,13,3,2,1,15,5,3,14,10,4,10,173.8125,10,2.3333333333333335,0,0,0.0,0.875,0
38,0,Travel_Rarely,702,Sales,1,4,Life Sciences,1,Female,59,2,2,Sales Executive,4,Single,8686,12930,4,0,22,4,3,0,12,2,4,8,3,0,7,668.1538461538462,8,2.6666666666666665,0,0,0.18181818181818182,0.6153846153846154,2
36,0,Travel_Rarely,1396,Research & Development,5,2,Life Sciences,4,Male,62,3,2,Laboratory Technician,2,Single,5914,9945,8,0,16,3,4,0,16,3,4,13,11,3,7,347.88235294117646,10,3.3333333333333335,0,0,0.4,0.7647058823529411,1
46,0,Travel_Rarely,991,Human Resources,1,2,Life Sciences,4,Female,44,3,1,Human Resources,1,Single,3423,22957,6,0,12,3,3,0,10,3,4,7,6,5,7,311.1818181818182,2,2.6666666666666665,0,0,0.2,0.6363636363636364,1
41,0,Travel_Rarely,447,Research & Development,5,3,Life Sciences,2,Male,85,4,2,Healthcare Representative,2,Single,6870,15530,3,0,12,3,1,0,11,3,1,3,2,1,2,572.5,2,1.6666666666666667,0,0,0.12,0.25,1
20,0,Travel_Rarely,654,Sales,21,3,Marketing,3,Male,43,4,1,Sales Representative,4,Single,2678,5050,1,0,17,3,4,0,2,2,3,2,1,2,2,892.6666666666666,0,3.6666666666666665,0,0,0.25,0.6666666666666666,2
31,0,Travel_Rarely,1003,Sales,5,3,Technical Degree,1,Male,51,3,2,Sales Executive,3,Married,8346,20943,1,0,19,3,3,1,6,3,3,5,2,0,2,1192.2857142857142,5,2.3333333333333335,0,0,0.06666666666666667,0.7142857142857143,0
31,0,Non-Travel,976,Research & Development,3,2,Medical,3,Male,48,3,1,Research Scientist,1,Divorced,3065,3995,1,1,13,3,4,1,4,3,4,4,2,2,3,613.0,2,2.6666666666666665,0,0,0.06666666666666667,0.8,0
46,0,Travel_Rarely,1402,Sales,2,3,Marketing,3,Female,69,3,4,Manager,1,Married,17048,24097,8,0,23,4,1,0,28,2,3,26,15,15,9,587.8620689655172,11,1.6666666666666667,0,1,0.26666666666666666,0.896551724137931,1
53,0,Travel_Rarely,1070,Research & Development,3,4,Medical,3,Male,45,3,4,Research Director,3,Married,17584,21016,3,1,16,3,4,3,21,5,2,5,3,1,3,799.2727272727273,4,3.3333333333333335,1,0,0.08108108108108109,0.22727272727272727,0
24,0,Travel_Rarely,350,Research & Development,21,2,Technical Degree,3,Male,57,2,1,Laboratory Technician,1,Divorced,2296,10036,0,0,14,3,2,3,2,3,3,1,1,0,0,765.3333333333334,1,2.0,0,0,0.0,0.3333333333333333,2
52,0,Travel_Rarely,1325,Research & Development,11,4,Life Sciences,4,Female,82,3,2,Laboratory Technician,3,Married,3149,21821,8,0,20,4,2,1,9,3,3,5,2,1,4,314.9,4,3.0,0,0,0.2222222222222222,0.5,0
36,0,Travel_Frequently,1480,Research & Development,3,2,Medical,4,Male,30,3,1,Laboratory Technician,2,Single,2088,15062,4,0,12,3,3,0,13,3,2,8,7,7,2,149.14285714285714,1,3.0,0,0,0.2,0.5714285714285714,1
29,0,Travel_Rarely,1378,Research & Development,13,2,Other,4,Male,46,2,2,Laboratory Technician,2,Married,4025,23679,4,1,13,3,1,1,10,2,3,4,3,0,3,365.90909090909093,4,2.3333333333333335,0,0,0.3076923076923077,0.36363636363636365,1
28,0,Travel_Rarely,1300,Research & Development,17,2,Medical,3,Male,79,3,2,Laboratory Technician,1,Divorced,4558,13535,1,0,12,3,4,1,10,2,3,10,0,1,8,414.3636363636364,9,2.6666666666666665,0,0,0.08333333333333333,0.9090909090909091,1
42,0,Travel_Rarely,300,Research & Development,2,3,Life Sciences,1,Male,56,3,5,Manager,3,Married,18880,17312,5,0,11,3,1,0,24,2,2,22,6,4,14,755.2,18,1.6666666666666667,0,0,0.19230769230769232,0.88,1
21,0,Travel_Rarely,501,Sales,5,1,Medical,3,Male,58,3,1,Sales Representative,1,Single,2380,25479,1,1,11,3,4,0,2,6,3,2,2,1,2,793.3333333333334,1,2.6666666666666665,0,0,0.2,0.6666666666666666,1
52,1,Travel_Rarely,723,Research & Development,8,4,Medical,3,Male,85,2,2,Research Scientist,2,Married,4941,17747,2,0,15,3,1,0,11,3,2,8,2,7,7,411.75,1,2.0,0,0,0.05555555555555555,0.6666666666666666,2
22,0,Travel_Rarely,604,Research & Development,6,1,Medical,1,Male,69,3,1,Research Scientist,3,Married,2773,12145,0,0,20,4,4,0,3,3,3,2,2,2,2,693.25,0,2.6666666666666665,0,0,0.0,0.5,1
34,0,Non-Travel,697,Research & Development,3,4,Life Sciences,3,Male,40,2,1,Research Scientist,4,Married,2979,22478,3,0,17,3,4,3,6,2,3,0,0,0,0,425.57142857142856,0,3.6666666666666665,0,0,0.16666666666666666,0.0,1
36,0,Travel_Rarely,329,Sales,16,4,Marketing,3,Female,98,2,2,Sales Executive,1,Married,5647,13494,4,0,13,3,1,2,11,3,2,3,2,0,2,470.5833333333333,3,1.6666666666666667,0,0,0.2,0.25,2
33,1,Travel_Rarely,1277,Research & Development,15,1,Medical,2,Male,56,3,3,Manager,3,Married,13610,24619,7,1,12,3,4,0,15,2,4,7,6,7,7,850.625,0,3.0,0,0,0.4117647058823529,0.4375,1
22,0,Travel_Rarely,1230,Research & Development,1,2,Life Sciences,4,Male,33,2,2,Manufacturing Director,4,Married,4775,19146,6,0,22,4,1,2,4,2,1,2,2,2,2,955.0,0,3.0,0,0,1.0,0.4,1
56,0,Travel_Rarely,718,Research & Development,4,4,Technical Degree,4,Female,92,3,5,Manager,1,Divorced,19943,18575,4,0,13,3,4,1,28,2,3,5,2,4,2,687.6896551724138,1,3.0,0,0,0.1,0.1724137931034483,0
29,0,Travel_Rarely,1329,Research & Development,7,3,Life Sciences,3,Male,82,3,2,Healthcare Representative,4,Divorced,6623,4204,1,1,11,3,2,2,6,2,3,6,0,1,0,946.1428571428571,5,3.0,0,0,0.07692307692307693,0.8571428571428571,0
36,0,Travel_Rarely,884,Sales,1,4,Life Sciences,2,Female,73,3,2,Sales Executive,3,Single,6815,21447,6,0,13,3,1,0,15,5,3,1,0,0,0,425.9375,1,2.0,0,0,0.3,0.0625,1
34,0,Travel_Rarely,1239,Sales,13,4,Medical,4,Male,39,3,3,Sales Executive,3,Divorced,8628,22914,1,0,18,3,3,1,9,2,2,8,7,1,1,862.8,7,3.3333333333333335,0,0,0.05555555555555555,0.8,0
34,0,Travel_Rarely,665,Research & Development,6,4,Other,1,Female,41,3,2,Research Scientist,3,Single,4809,12482,1,0,14,3,3,0,16,3,3,16,13,2,10,282.88235294117646,14,2.3333333333333335,0,0,0.05555555555555555,0.9411764705882353,1
50,0,Travel_Rarely,989,Research & Development,7,2,Medical,2,Female,43,2,5,Research Director,3,Divorced,18740,16701,5,1,12,3,4,1,29,2,2,27,3,13,8,624.6666666666666,14,3.0,1,0,0.14705882352941177,0.9,1
38,1,Travel_Rarely,903,Research & Development,2,3,Medical,3,Male,81,3,2,Manufacturing Director,2,Married,4855,7653,4,0,11,3,1,2,7,2,3,5,2,1,4,606.875,4,2.0,0,0,0.18181818181818182,0.625,0
30,1,Travel_Rarely,740,Sales,1,3,Life Sciences,2,Male,64,2,2,Sales Executive,1,Married,9714,5323,1,0,11,3,4,1,10,4,3,10,8,6,7,883.0909090909091,4,2.3333333333333335,0,0,0.07142857142857142,0.9090909090909091,1
44,0,Travel_Rarely,1099,Sales,5,3,Marketing,2,Male,88,3,5,Manager,2,Married,18213,8751,7,0,11,3,3,1,26,5,3,22,9,3,10,674.5555555555555,19,2.3333333333333335,0,0,0.25,0.8148148148148148,0
48,0,Travel_Frequently,365,Research & Development,4,5,Medical,3,Male,89,2,4,Manager,4,Married,15202,5602,2,0,25,4,2,1,23,3,3,2,2,2,2,633.4166666666666,0,3.0,0,0,0.0625,0.08333333333333333,1
58,0,Travel_Rarely,1145,Research & Development,9,3,Medical,2,Female,75,2,1,Research Scientist,2,Married,3346,11873,4,1,20,4,2,1,9,3,2,1,0,0,0,334.6,1,2.0,1,0,0.09523809523809523,0.1,1
29,0,Non-Travel,746,Sales,2,3,Life Sciences,4,Male,61,3,2,Sales Executive,3,Married,4649,16928,1,0,14,3,1,1,4,3,2,4,3,0,2,929.8,4,2.6666666666666665,0,0,0.07692307692307693,0.8,0
34,0,Travel_Rarely,258,Sales,21,4,Life Sciences,4,Male,74,4,2,Sales Executive,4,Single,5337,19921,1,0,12,3,4,0,10,3,3,10,7,5,7,485.1818181818182,5,4.0,0,0,0.05555555555555555,0.9090909090909091,2
27,0,Non-Travel,1277,Research & Development,8,5,Life Sciences,1,Male,87,1,1,Laboratory Technician,3,Married,4621,5869,1,0,19,3,4,3,3,4,3,3,2,1,2,1155.25,2,2.6666666666666665,0,0,0.09090909090909091,0.75,1
42,0,Travel_Rarely,462,Sales,14,2,Medical,3,Female,68,2,2,Sales Executive,3,Single,6244,7824,7,0,17,3,1,0,10,6,3,5,4,0,3,567.6363636363636,5,2.3333333333333335,0,0,0.2692307692307692,0.45454545454545453,2
41,0,Travel_Frequently,1200,Research & Development,22,3,Life Sciences,4,Female,75,3,2,Research Scientist,4,Divorced,5467,13953,3,1,14,3,1,2,12,4,2,6,2,3,3,420.53846153846155,3,3.0,1,0,0.12,0.46153846153846156,1
37,0,Travel_Rarely,1189,Sales,3,3,Life Sciences,3,Male,87,3,3,Sales Executive,4,Single,7428,14506,2,0,12,3,1,0,12,3,3,5,3,1,3,571.3846153846154,4,2.6666666666666665,0,0,0.09523809523809523,0.38461538461538464,1
25,1,Travel_Rarely,1219,Research & Development,4,1,Technical Degree,4,Male,32,3,1,Laboratory Technician,4,Married,3691,4605,1,1,15,3,2,1,7,3,4,7,7,5,6,461.375,2,3.3333333333333335,0,0,0.1111111111111111,0.875,0
33,0,Travel_Frequently,1146,Sales,25,3,Medical,2,Female,82,3,2,Sales Executive,3,Married,4539,4905,1,0,12,3,1,1,10,3,2,10,7,0,1,412.6363636363636,10,2.0,0,0,0.058823529411764705,0.9090909090909091,1
32,0,Travel_Rarely,1093,Sales,6,4,Medical,2,Male,87,3,2,Sales Executive,3,Single,5010,24301,1,0,16,3,1,0,12,0,3,11,8,5,7,385.38461538461536,6,2.0,0,0,0.0625,0.8461538461538461,1
36,0,Travel_Rarely,852,Research & Development,5,4,Life Sciences,2,Female,82,2,1,Research Scientist,1,Married,3419,13072,9,1,14,3,4,1,6,3,4,1,1,0,0,488.42857142857144,1,2.3333333333333335,0,0,0.45,0.14285714285714285,1
26,1,Travel_Rarely,1449,Research & Development,16,4,Medical,1,Male,45,3,1,Laboratory Technician,2,Divorced,2373,14180,2,1,13,3,4,1,5,2,3,3,2,0,2,395.5,3,2.3333333333333335,0,0,0.2,0.5,1
40,0,Travel_Rarely,884,Research & Development,15,3,Life Sciences,1,Female,80,2,3,Manufacturing Director,3,Married,10435,25800,1,0,13,3,4,2,18,2,3,18,15,14,12,549.2105263157895,4,2.6666666666666665,0,0,0.041666666666666664,0.9473684210526315,1
39,0,Travel_Frequently,945,Research & Development,22,3,Medical,4,Female,82,3,3,Manufacturing Director,1,Single,10880,5083,1,1,13,3,3,0,21,2,3,21,6,2,8,494.54545454545456,19,2.6666666666666665,0,0,0.043478260869565216,0.9545454545454546,2
48,0,Non-Travel,1262,Research & Development,1,4,Medical,1,Male,35,4,4,Manager,4,Single,16885,16154,2,0,22,4,3,0,27,3,2,5,4,2,1,603.0357142857143,3,2.6666666666666665,0,0,0.0625,0.17857142857142858,1
32,0,Non-Travel,300,Research & Development,1,3,Life Sciences,4,Male,61,3,1,Laboratory Technician,4,Divorced,2314,9148,0,0,12,3,2,1,4,2,3,3,0,0,2,462.8,3,3.3333333333333335,0,0,0.0,0.6,0
43,0,Travel_Rarely,930,Research & Development,6,3,Medical,1,Female,73,2,2,Research Scientist,3,Single,4081,20003,1,1,14,3,1,0,20,3,1,20,7,1,8,194.33333333333334,19,1.6666666666666667,1,0,0.037037037037037035,0.9523809523809523,2
39,1,Travel_Frequently,203,Research & Development,2,3,Life Sciences,1,Male,84,3,4,Healthcare Representative,4,Divorced,12169,13547,7,0,11,3,4,3,21,4,3,18,7,11,5,553.1363636363636,7,3.0,0,0,0.30434782608695654,0.8181818181818182,0
20,1,Travel_Frequently,871,Research & Development,6,3,Life Sciences,4,Female,66,2,1,Laboratory Technician,4,Single,2926,19783,1,1,18,3,2,0,1,5,3,1,0,1,0,1463.0,0,3.3333333333333335,0,0,0.25,0.5,2
39,1,Travel_Rarely,895,Sales,5,3,Technical Degree,4,Male,56,3,2,Sales Representative,4,Married,2086,3335,3,0,14,3,3,1,19,6,4,1,0,0,0,104.3,1,3.6666666666666665,0,0,0.13043478260869565,0.05,0
34,0,Travel_Rarely,1320,Research & Development,20,3,Technical Degree,3,Female,89,4,1,Research Scientist,3,Married,2585,21643,0,0,17,3,4,0,2,5,2,1,0,0,0,861.6666666666666,1,3.3333333333333335,0,0,0.0,0.3333333333333333,2
38,0,Travel_Frequently,240,Research & Development,2,4,Life Sciences,1,Female,75,4,2,Manufacturing Director,1,Single,5980,26085,6,1,12,3,4,0,17,2,3,15,7,4,12,332.22222222222223,11,2.0,0,0,0.2727272727272727,0.8333333333333334,1
28,0,Travel_Rarely,760,Sales,2,4,Marketing,2,Female,81,3,2,Sales Executive,2,Married,4779,3698,1,1,20,4,1,0,8,2,3,8,7,7,5,531.0,1,1.6666666666666667,0,1,0.08333333333333333,0.8888888888888888,1
28,1,Travel_Rarely,1404,Research & Development,17,3,Technical Degree,3,Male,32,2,1,Laboratory Technician,4,Divorced,2367,18779,5,0,12,3,1,1,6,2,2,4,1,0,3,338.14285714285717,4,2.6666666666666665,0,0,0.4166666666666667,0.5714285714285714,2
45,0,Non-Travel,1050,Sales,9,4,Life Sciences,2,Female,65,2,2,Sales Executive,3,Married,5593,17970,1,0,13,3,4,1,15,2,3,15,10,4,12,349.5625,11,3.0,0,0,0.034482758620689655,0.9375,1
26,0,Travel_Frequently,1283,Sales,1,3,Medical,3,Male,52,2,2,Sales Executive,1,Single,4294,11148,1,0,12,3,2,0,7,2,3,7,7,0,7,536.75,7,2.0,0,0,0.1,0.875,2
36,0,Travel_Rarely,429,Research & Development,2,4,Life Sciences,3,Female,53,3,2,Manufacturing Director,2,Single,5410,2323,9,1,11,3,4,0,18,2,3,16,14,5,12,284.7368421052632,11,3.0,0,0,0.45,0.8421052631578947,1
48,0,Travel_Rarely,817,Sales,2,1,Marketing,2,Male,56,4,2,Sales Executive,2,Married,8120,18597,3,0,12,3,4,0,12,3,3,2,2,2,2,624.6153846153846,0,2.6666666666666665,0,0,0.09375,0.15384615384615385,1
43,0,Travel_Rarely,1473,Research & Development,8,4,Other,3,Female,74,3,2,Healthcare Representative,3,Divorced,4522,2227,4,1,14,3,4,0,8,3,3,5,2,0,2,502.44444444444446,5,3.3333333333333335,0,0,0.14814814814814814,0.5555555555555556,1
31,0,Travel_Rarely,1079,Sales,10,2,Medical,3,Female,86,3,2,Sales Executive,4,Divorced,6583,20115,2,1,11,3,4,1,8,2,3,5,2,1,4,731.4444444444445,4,3.6666666666666665,0,0,0.13333333333333333,0.5555555555555556,0
34,0,Travel_Frequently,735,Research & Development,22,4,Other,3,Male,86,2,2,Research Scientist,4,Married,5747,26496,1,1,15,3,2,0,16,3,3,15,10,6,11,338.05882352941177,9,3.0,0,0,0.05555555555555555,0.8823529411764706,3
47,0,Travel_Rarely,465,Research & Development,1,3,Technical Degree,1,Male,74,3,1,Research Scientist,4,Married,3420,10205,7,0,12,3,3,1,17,2,2,6,5,1,2,190.0,5,2.6666666666666665,0,0,0.22580645161290322,0.3333333333333333,0
34,0,Travel_Rarely,285,Research & Development,29,3,Medical,2,Male,86,3,2,Laboratory Technician,3,Married,5429,17491,4,0,13,3,1,2,10,1,3,8,7,7,7,493.54545454545456,1,2.0,0,0,0.2222222222222222,0.7272727272727273,1
35,0,Travel_Rarely,890,Sales,2,3,Marketing,4,Female,97,3,1,Sales Representative,4,Married,2014,9687,1,0,13,3,1,0,2,3,3,2,2,2,2,671.3333333333334,0,3.0,0,0,0.05263157894736842,0.6666666666666666,1
38,0,Travel_Rarely,1084,Research & Development,29,3,Technical Degree,4,Male,54,3,2,Manufacturing Director,4,Married,6261,4185,3,0,18,3,1,1,9,3,1,7,7,1,7,626.1,6,3.0,0,0,0.13636363636363635,0.7,1
23,0,Travel_Rarely,373,Research & Development,1,2,Life Sciences,4,Male,47,3,1,Research Scientist,3,Married,1223,16901,1,0,22,4,4,1,1,2,3,1,0,0,1,611.5,1,3.6666666666666665,0,0,0.14285714285714285,0.5,0
44,1,Travel_Frequently,920,Research & Development,24,3,Life Sciences,4,Male,43,3,1,Laboratory Technician,3,Divorced,3161,19920,3,1,22,4,4,1,19,0,1,1,0,0,0,158.05,1,3.6666666666666665,1,0,0.10714285714285714,0.05,1
29,0,Travel_Rarely,468,Research & Development,28,4,Medical,4,Female,73,2,1,Research Scientist,1,Single,3785,8489,1,0,14,3,2,0,5,3,1,5,4,0,4,630.8333333333334,5,2.3333333333333335,0,0,0.07692307692307693,0.8333333333333334,3
34,0,Travel_Rarely,971,Sales,1,3,Technical Degree,4,Male,64,2,3,Sales Executive,3,Married,7083,12288,1,1,14,3,4,0,10,3,3,10,9,8,6,643.9090909090909,2,3.6666666666666665,0,0,0.05555555555555555,0.9090909090909091,2
36,0,Non-Travel,1105,Research & Development,24,4,Life Sciences,2,Female,47,3,2,Laboratory Technician,2,Married,5674,6927,7,0,15,3,3,1,11,3,3,9,8,0,8,472.8333333333333,9,2.3333333333333335,0,0,0.35,0.75,1
55,0,Non-Travel,177,Research & Development,8,1,Medical,4,Male,37,2,4,Healthcare Representative,2,Divorced,13577,25592,1,1,15,3,4,1,34,3,3,33,9,15,0,387.9142857142857,18,3.3333333333333335,0,0,0.02564102564102564,0.9428571428571428,1
43,0,Travel_Rarely,589,Research & Development,14,2,Life Sciences,2,Male,94,3,4,Research Director,1,Married,17159,5200,6,0,24,4,3,1,22,3,3,4,1,1,0,746.0434782608696,3,2.0,0,0,0.2222222222222222,0.17391304347826086,0
32,0,Travel_Frequently,1316,Research & Development,2,2,Life Sciences,4,Female,38,3,2,Research Scientist,3,Single,4998,2338,4,1,14,3,4,0,10,2,3,8,7,0,7,454.3636363636364,8,3.6666666666666665,0,0,0.25,0.7272727272727273,1
32,0,Travel_Frequently,1318,Sales,10,4,Marketing,4,Male,79,3,2,Sales Executive,4,Single,4648,26075,8,0,13,3,3,0,4,2,4,0,0,0,0,929.6,0,3.6666666666666665,0,0,0.5,0.0,1
25,0,Travel_Rarely,883,Sales,26,1,Medical,3,Female,32,3,2,Sales Executive,4,Single,6180,22807,1,0,23,4,2,0,6,5,2,6,5,1,4,882.8571428571429,5,3.0,0,0,0.1111111111111111,0.8571428571428571,2
37,0,Travel_Rarely,674,Research & Development,13,3,Medical,1,Male,47,3,2,Research Scientist,4,Married,4285,3031,1,0,17,3,1,0,10,2,3,10,8,3,7,389.54545454545456,7,2.0,0,0,0.047619047619047616,0.9090909090909091,1
45,0,Travel_Rarely,954,Sales,2,2,Technical Degree,2,Male,46,1,2,Sales Representative,3,Single,6632,12388,0,0,13,3,1,0,9,3,3,8,7,3,1,663.2,5,2.0,0,0,0.0,0.8,2
33,0,Travel_Rarely,1198,Research & Development,1,4,Other,3,Male,100,2,1,Research Scientist,1,Single,2799,3339,3,1,11,3,2,0,6,1,3,3,2,0,2,399.85714285714283,3,2.0,0,0,0.17647058823529413,0.42857142857142855,2
31,0,Travel_Rarely,471,Research & Development,4,3,Medical,1,Female,62,4,1,Laboratory Technician,3,Divorced,3978,16031,8,0,12,3,2,1,4,0,2,2,2,2,2,795.6,0,2.0,0,0,0.5333333333333333,0.4,0
26,0,Travel_Rarely,775,Sales,29,2,Medical,1,Male,45,3,2,Sales Executive,3,Divorced,4306,4267,5,0,12,3,1,2,8,5,3,0,0,0,0,478.44444444444446,0,1.6666666666666667,0,0,0.5,0.0,1
46,0,Non-Travel,849,Sales,26,2,Life Sciences,2,Male,98,2,2,Sales Executive,2,Single,7991,25166,8,0,15,3,3,0,6,3,3,2,2,2,2,1141.5714285714287,0,2.3333333333333335,0,0,0.26666666666666666,0.2857142857142857,3
29,1,Travel_Rarely,408,Sales,23,1,Life Sciences,4,Female,45,2,3,Sales Executive,1,Married,7336,11162,1,0,13,3,1,1,11,3,1,11,8,3,10,611.3333333333334,8,2.0,0,0,0.07692307692307693,0.9166666666666666,2
21,0,Travel_Rarely,391,Research & Development,15,2,Life Sciences,3,Male,96,3,1,Research Scientist,4,Single,1232,19281,1,0,14,3,4,0,0,6,3,0,0,0,0,1232.0,0,3.6666666666666665,0,0,0.2,0.0,1
52,1,Travel_Rarely,266,Sales,2,1,Marketing,1,Female,57,1,5,Manager,4,Married,19845,25846,1,0,15,3,4,1,33,3,3,32,14,6,9,583.6764705882352,26,3.0,0,0,0.027777777777777776,0.9411764705882353,1
37,0,Travel_Rarely,1017,Research & Development,1,2,Medical,3,Female,83,2,1,Research Scientist,1,Married,3920,18697,2,0,14,3,1,1,17,2,2,3,1,0,2,217.77777777777777,3,1.6666666666666667,0,0,0.09523809523809523,0.16666666666666666,1
39,0,Travel_Rarely,867,Research & Development,9,2,Medical,1,Male,87,3,2,Manufacturing Director,1,Married,5151,12315,1,0,25,4,4,1,10,3,3,10,0,7,9,468.27272727272725,3,2.0,0,1,0.043478260869565216,0.9090909090909091,0
27,0,Travel_Rarely,1291,Sales,11,3,Medical,3,Female,98,4,1,Sales Representative,4,Married,2534,6527,8,0,14,3,2,1,5,4,3,1,0,0,0,422.3333333333333,1,3.0,0,0,0.7272727272727273,0.16666666666666666,0
36,0,Travel_Rarely,1425,Research & Development,14,1,Life Sciences,3,Male,68,3,2,Healthcare Representative,4,Married,6586,4821,0,1,17,3,1,1,17,2,2,16,8,4,11,365.8888888888889,12,2.6666666666666665,1,0,0.0,0.8888888888888888,0
49,0,Travel_Rarely,470,Research & Development,20,4,Medical,3,Female,96,3,2,Manufacturing Director,1,Married,6567,5549,1,0,14,3,3,0,16,2,2,15,11,5,11,386.29411764705884,10,2.3333333333333335,0,0,0.030303030303030304,0.8823529411764706,2
45,0,Non-Travel,248,Research & Development,23,2,Life Sciences,4,Male,42,3,2,Laboratory Technician,1,Married,3633,14039,1,1,15,3,3,1,9,2,3,9,8,0,8,363.3,9,2.6666666666666665,0,0,0.034482758620689655,0.9,1
45,0,Travel_Rarely,1005,Research & Development,28,2,Technical Degree,4,Female,48,2,4,Research Director,2,Single,16704,17119,1,0,11,3,3,0,21,2,3,21,6,8,6,759.2727272727273,13,3.0,0,0,0.034482758620689655,0.9545454545454546,3
34,0,Travel_Frequently,878,Research & Development,10,4,Medical,4,Male,43,3,1,Research Scientist,3,Divorced,3815,5972,1,1,17,3,4,1,5,4,4,5,3,2,0,635.8333333333334,3,3.6666666666666665,0,0,0.05555555555555555,0.8333333333333334,0
35,0,Travel_Rarely,219,Research & Development,16,2,Other,4,Female,44,2,2,Manufacturing Director,2,Married,4788,25388,0,1,11,3,4,0,4,2,3,3,2,0,2,957.6,3,3.3333333333333335,0,0,0.0,0.6,3
33,0,Travel_Rarely,147,Human Resources,2,3,Human Resources,2,Male,99,3,1,Human Resources,3,Married,3600,8429,1,0,13,3,4,1,5,2,3,5,4,1,4,600.0,4,3.0,0,0,0.058823529411764705,0.8333333333333334,0
32,1,Travel_Rarely,1045,Sales,4,4,Medical,4,Male,32,1,3,Sales Executive,4,Married,10400,25812,1,0,11,3,3,0,14,2,2,14,8,9,8,693.3333333333334,5,3.6666666666666665,0,0,0.0625,0.9333333333333333,2
30,0,Travel_Rarely,501,Sales,27,5,Marketing,3,Male,99,3,2,Sales Executive,4,Divorced,5304,25275,7,0,23,4,4,1,10,2,2,8,7,7,7,482.1818181818182,1,3.6666666666666665,0,1,0.5,0.7272727272727273,1
34,0,Travel_Rarely,1442,Research & Development,9,3,Medical,4,Female,46,2,3,Healthcare Representative,2,Single,8621,17654,1,0,14,3,2,0,9,3,4,8,7,7,7,862.1,1,2.6666666666666665,0,0,0.05555555555555555,0.8,2
23,0,Travel_Rarely,541,Sales,2,1,Technical Degree,3,Male,62,3,1,Sales Representative,1,Divorced,2322,9518,3,0,13,3,3,1,3,3,3,0,0,0,0,580.5,0,2.3333333333333335,0,0,0.42857142857142855,0.0,0
51,0,Travel_Rarely,632,Sales,21,4,Marketing,3,Male,71,3,2,Sales Executive,4,Single,5441,8423,0,1,22,4,4,0,11,2,1,10,7,1,0,453.4166666666667,9,3.6666666666666665,1,0,0.0,0.8333333333333334,2
28,0,Travel_Frequently,791,Research & Development,1,4,Medical,4,Male,44,3,1,Laboratory Technician,3,Single,2154,6842,0,1,11,3,3,0,5,2,2,4,2,0,2,359.0,4,3.3333333333333335,1,0,0.0,0.6666666666666666,1
31,0,Travel_Rarely,616,Research & Development,12,3,Medical,4,Female,41,3,2,Healthcare Representative,4,Married,5855,17369,0,1,11,3,3,2,10,2,1,9,7,8,5,532.2727272727273,1,3.6666666666666665,1,0,0.0,0.8181818181818182,0
27,0,Travel_Rarely,608,Research & Development,1,2,Life Sciences,3,Female,68,3,3,Manufacturing Director,1,Married,7412,6009,1,0,11,3,4,0,9,3,3,9,7,0,7,741.2,9,2.6666666666666665,0,0,0.09090909090909091,0.9,1
28,0,Travel_Rarely,1169,Human Resources,8,2,Medical,2,Male,63,2,1,Human Resources,4,Divorced,4936,23965,1,0,13,3,4,1,6,6,3,5,1,0,4,705.1428571428571,5,3.3333333333333335,0,0,0.08333333333333333,0.7142857142857143,1
45,0,Non-Travel,589,Sales,2,4,Life Sciences,3,Female,67,3,2,Sales Executive,3,Married,5154,19665,4,0,22,4,2,2,10,3,4,8,7,5,7,468.54545454545456,3,2.6666666666666665,0,1,0.13793103448275862,0.7272727272727273,0
39,0,Non-Travel,792,Research & Development,1,3,Life Sciences,4,Male,77,3,2,Laboratory Technician,4,Married,6472,8989,1,1,15,3,4,1,9,2,3,9,8,5,8,647.2,4,4.0,0,0,0.043478260869565216,0.9,0
42,0,Travel_Frequently,1271,Research & Development,2,1,Medical,2,Male,35,3,1,Research Scientist,4,Single,2515,9068,5,1,14,3,4,0,8,2,3,2,1,2,2,279.44444444444446,0,3.3333333333333335,0,0,0.19230769230769232,0.2222222222222222,1
33,0,Travel_Frequently,508,Sales,10,3,Marketing,2,Male,46,2,2,Sales Executive,4,Single,4682,4317,3,0,14,3,3,0,9,6,2,7,7,0,1,468.2,7,3.0,0,0,0.17647058823529413,0.7,2
36,0,Travel_Rarely,557,Sales,3,3,Medical,1,Female,94,2,3,Sales Executive,4,Married,7644,12695,0,0,19,3,3,2,10,2,3,9,7,3,4,694.9090909090909,6,2.6666666666666665,0,0,0.0,0.8181818181818182,1
38,0,Travel_Rarely,723,Sales,2,4,Marketing,2,Female,77,1,2,Sales Representative,4,Married,5405,4244,2,1,20,4,1,2,20,4,2,4,2,0,3,257.3809523809524,4,2.3333333333333335,1,0,0.09090909090909091,0.19047619047619047,1
59,0,Travel_Rarely,715,Research & Development,2,3,Life Sciences,3,Female,69,2,4,Manufacturing Director,4,Single,13726,21829,3,1,13,3,1,0,30,4,3,5,3,4,3,442.7741935483871,1,2.6666666666666665,0,0,0.06976744186046512,0.16129032258064516,2
29,0,Travel_Rarely,1247,Sales,20,2,Marketing,4,Male,45,3,2,Sales Executive,4,Divorced,6931,10732,2,0,14,3,4,1,10,2,3,3,2,0,2,630.0909090909091,3,4.0,0,0,0.15384615384615385,0.2727272727272727,1
49,0,Travel_Frequently,1064,Research & Development,2,1,Life Sciences,2,Male,42,3,5,Research Director,4,Married,19161,13738,3,0,15,3,4,0,28,3,3,5,4,4,3,660.7241379310345,1,3.3333333333333335,0,0,0.09090909090909091,0.1724137931034483,1
50,0,Non-Travel,145,Sales,1,3,Life Sciences,4,Female,95,3,2,Sales Executive,3,Married,6347,24920,0,0,12,3,1,1,19,3,3,18,7,0,13,317.35,18,2.6666666666666665,0,0,0.0,0.9,0
27,0,Non-Travel,210,Sales,1,1,Marketing,3,Male,73,3,2,Sales Executive,2,Married,6349,22107,0,1,13,3,4,1,6,0,3,5,4,1,4,907.0,4,3.0,0,0,0.0,0.7142857142857143,0
42,0,Non-Travel,355,Research & Development,10,4,Technical Degree,3,Male,38,3,1,Research Scientist,3,Married,2936,6161,3,0,22,4,2,2,10,1,2,6,3,3,3,266.90909090909093,3,2.6666666666666665,0,0,0.11538461538461539,0.5454545454545454,0
37,0,Travel_Rarely,408,Research & Development,19,2,Life Sciences,2,Male,73,3,1,Research Scientist,2,Married,3022,10227,4,0,21,4,1,0,8,1,3,1,0,0,0,335.77777777777777,1,1.6666666666666667,0,0,0.19047619047619047,0.1111111111111111,2
36,0,Travel_Frequently,469,Research & Development,3,3,Technical Degree,3,Male,46,3,1,Research Scientist,2,Married,3692,9256,1,0,12,3,3,0,12,2,2,11,10,0,7,284.0,11,2.6666666666666665,0,0,0.05,0.8461538461538461,1
47,0,Travel_Rarely,983,Research & Development,2,2,Medical,1,Female,65,3,2,Manufacturing Director,4,Divorced,5070,7389,5,0,13,3,3,3,20,2,3,5,0,0,4,241.42857142857142,5,2.6666666666666665,0,0,0.16129032258064516,0.23809523809523808,0
39,0,Travel_Rarely,119,Sales,15,4,Marketing,2,Male,77,3,4,Sales Executive,1,Single,13341,25098,0,0,12,3,1,0,21,3,3,20,8,11,10,606.4090909090909,9,1.3333333333333333,0,0,0.0,0.9090909090909091,1
41,0,Non-Travel,552,Human Resources,4,3,Human Resources,3,Male,60,1,2,Human Resources,2,Married,6430,20794,6,0,19,3,2,1,10,4,3,3,2,1,2,584.5454545454545,2,2.3333333333333335,0,0,0.24,0.2727272727272727,1
29,1,Travel_Frequently,337,Research & Development,14,1,Other,3,Female,84,3,3,Healthcare Representative,4,Single,7553,22930,0,1,12,3,1,0,9,1,3,8,7,7,7,755.3,1,2.6666666666666665,0,0,0.0,0.8,1
38,0,Travel_Rarely,364,Research & Development,3,5,Technical Degree,4,Female,32,3,2,Research Scientist,3,Single,4317,2302,3,1,20,4,2,0,19,2,3,3,2,2,2,215.85,1,3.0,0,0,0.13636363636363635,0.15,1
32,0,Travel_Rarely,1062,Research & Development,2,3,Medical,3,Female,75,3,1,Laboratory Technician,2,Married,2370,3956,1,0,13,3,3,1,8,4,3,8,0,0,7,263.3333333333333,8,2.6666666666666665,0,0,0.0625,0.8888888888888888,0
31,1,Travel_Frequently,1445,Research & Development,1,5,Life Sciences,3,Female,100,4,3,Manufacturing Director,2,Single,7446,8931,1,0,11,3,1,0,10,2,3,10,8,4,7,676.9090909090909,6,2.0,0,0,0.06666666666666667,0.9090909090909091,1
21,0,Travel_Rarely,546,Research & Development,5,1,Medical,3,Male,97,3,1,Research Scientist,4,Single,3117,26009,1,0,18,3,3,0,3,2,3,2,2,2,2,779.25,0,3.3333333333333335,0,0,0.2,0.5,1
43,0,Travel_Frequently,422,Research & Development,1,3,Life Sciences,4,Female,33,3,2,Healthcare Representative,4,Married,5562,21782,4,0,13,3,2,1,12,2,2,5,2,2,2,427.84615384615387,3,3.3333333333333335,0,0,0.14814814814814814,0.38461538461538464,0
38,0,Travel_Rarely,1495,Research & Development,4,2,Medical,4,Female,87,3,1,Laboratory Technician,3,Married,3306,26176,7,0,19,3,4,1,7,5,2,0,0,0,0,413.25,0,3.6666666666666665,0,0,0.3181818181818182,0.0,0
50,0,Travel_Rarely,813,Research & Development,17,5,Life Sciences,4,Female,50,2,3,Research Director,1,Divorced,13269,21981,5,0,15,3,3,3,19,3,3,14,11,1,11,663.45,13,2.6666666666666665,0,0,0.14705882352941177,0.7,2
31,0,Travel_Rarely,1274,Research & Development,9,1,Life Sciences,3,Male,33,3,3,Manufacturing Director,2,Divorced,10648,14394,1,0,25,4,4,1,13,6,4,13,8,0,8,760.5714285714286,13,3.0,0,0,0.06666666666666667,0.9285714285714286,0
35,1,Travel_Rarely,303,Sales,27,3,Life Sciences,3,Male,84,3,2,Sales Executive,4,Single,5813,13492,1,1,18,3,4,0,10,2,3,10,7,7,7,528.4545454545455,3,3.6666666666666665,0,0,0.05263157894736842,0.9090909090909091,2
37,0,Travel_Rarely,1305,Research & Development,10,4,Life Sciences,3,Male,49,3,2,Manufacturing Director,2,Single,4197,21123,2,1,12,3,4,0,18,2,2,1,0,0,1,220.89473684210526,1,3.0,1,0,0.09523809523809523,0.05263157894736842,1
27,0,Travel_Rarely,1130,Sales,8,4,Marketing,2,Female,56,3,2,Sales Executive,2,Married,6214,3415,1,0,18,3,1,1,8,3,3,8,7,0,7,690.4444444444445,8,1.6666666666666667,0,0,0.09090909090909091,0.8888888888888888,0
48,0,Travel_Rarely,1355,Research & Development,4,4,Life Sciences,3,Male,78,2,3,Healthcare Representative,3,Single,10999,22245,7,0,14,3,2,0,27,3,3,15,11,4,8,392.82142857142856,11,2.6666666666666665,0,0,0.21875,0.5357142857142857,2
38,0,Travel_Frequently,1394,Research & Development,8,3,Medical,4,Female,58,2,2,Research Scientist,2,Divorced,2133,18115,1,1,16,3,3,1,20,3,3,20,11,0,7,101.57142857142857,20,3.0,0,0,0.045454545454545456,0.9523809523809523,1
36,0,Non-Travel,894,Research & Development,1,4,Medical,4,Female,33,2,2,Manufacturing Director,3,Married,4374,15411,0,0,15,3,3,0,4,6,3,3,2,1,2,874.8,2,3.3333333333333335,0,0,0.0,0.6,2
27,0,Travel_Rarely,1377,Research & Development,11,1,Life Sciences,2,Male,91,3,1,Laboratory Technician,1,Married,2099,7679,0,0,14,3,2,0,6,3,4,5,0,1,4,299.85714285714283,4,1.6666666666666667,0,0,0.0,0.7142857142857143,1
34,0,Non-Travel,999,Research & Development,26,1,Technical Degree,1,Female,92,2,1,Research Scientist,3,Divorced,2029,15891,1,0,20,4,3,3,5,2,3,5,4,0,0,338.1666666666667,5,2.3333333333333335,0,0,0.05555555555555555,0.8333333333333334,2
47,0,Travel_Frequently,217,Sales,3,3,Medical,4,Female,49,3,4,Sales Executive,3,Divorced,13770,10225,9,1,12,3,4,2,28,2,2,22,2,11,13,474.82758620689657,11,3.6666666666666665,1,0,0.2903225806451613,0.7586206896551724,0
49,0,Travel_Rarely,464,Research & Development,16,3,Medical,4,Female,74,3,1,Laboratory Technician,1,Divorced,2587,24941,4,1,16,3,2,1,17,2,2,2,2,2,2,143.72222222222223,0,2.3333333333333335,1,0,0.12121212121212122,0.1111111111111111,1
58,0,Travel_Rarely,605,Sales,21,3,Life Sciences,4,Female,72,3,4,Manager,4,Married,17875,11761,4,1,13,3,3,1,29,2,2,1,0,0,0,595.8333333333334,1,3.6666666666666665,1,0,0.09523809523809523,0.03333333333333333,1
24,1,Travel_Rarely,1448,Sales,1,1,Technical Degree,1,Female,62,3,1,Sales Representative,2,Single,3202,21972,1,1,16,3,2,0,6,4,3,5,3,1,4,457.42857142857144,4,1.6666666666666667,0,0,0.125,0.7142857142857143,1
29,0,Travel_Frequently,410,Research & Development,2,1,Life Sciences,4,Female,97,3,1,Laboratory Technician,2,Married,3180,4668,0,0,13,3,3,3,4,3,3,3,2,0,2,636.0,3,3.0,0,0,0.0,0.6,0
35,0,Travel_Rarely,1017,Research & Development,6,4,Life Sciences,2,Male,82,1,2,Research Scientist,4,Single,6646,19368,1,0,13,3,2,0,17,3,3,17,11,11,8,369.22222222222223,6,2.6666666666666665,0,0,0.05263157894736842,0.9444444444444444,2
26,0,Travel_Rarely,841,Research & Development,6,3,Other,3,Female,46,2,1,Research Scientist,2,Married,2368,23300,1,0,19,3,3,0,5,3,2,5,4,4,3,394.6666666666667,1,2.6666666666666665,0,0,0.1,0.8333333333333334,2
58,1,Travel_Rarely,286,Research & Development,2,4,Life Sciences,4,Male,31,3,5,Research Director,2,Single,19246,25761,7,1,12,3,4,0,40,2,3,31,15,13,8,469.4146341463415,18,3.3333333333333335,0,0,0.16666666666666666,0.7560975609756098,1
45,0,Travel_Frequently,364,Research & Development,25,3,Medical,2,Female,83,3,5,Manager,2,Single,18061,13035,3,0,22,4,3,0,22,4,3,0,0,0,0,785.2608695652174,0,2.3333333333333335,0,0,0.10344827586206896,0.0,2
38,0,Travel_Rarely,849,Research & Development,25,2,Life Sciences,1,Female,81,2,3,Research Director,2,Married,12061,26707,3,0,17,3,3,1,19,2,3,10,8,0,1,603.05,10,2.0,0,0,0.13636363636363635,0.5,2
22,0,Travel_Rarely,253,Research & Development,11,3,Medical,1,Female,43,3,1,Research Scientist,2,Married,2244,24440,1,0,13,3,4,1,2,1,3,2,1,1,2,748.0,1,2.3333333333333335,0,0,0.16666666666666666,0.6666666666666666,0
33,1,Travel_Rarely,1017,Research & Development,25,3,Medical,1,Male,55,2,1,Research Scientist,2,Single,2313,2993,4,1,20,4,2,0,5,0,3,2,2,2,2,385.5,0,1.6666666666666667,0,0,0.23529411764705882,0.3333333333333333,3
30,0,Non-Travel,1398,Sales,22,4,Other,3,Female,69,3,3,Sales Executive,1,Married,8412,2890,0,0,11,3,3,0,10,3,3,9,8,7,8,764.7272727272727,2,2.3333333333333335,0,0,0.0,0.8181818181818182,2
38,0,Travel_Rarely,395,Sales,9,3,Marketing,2,Male,98,2,1,Sales Representative,2,Married,2899,12102,0,0,19,3,4,1,3,3,3,2,2,1,2,724.75,1,2.6666666666666665,0,0,0.0,0.5,1
35,0,Travel_Frequently,636,Research & Development,4,4,Other,4,Male,47,2,1,Laboratory Technician,4,Married,2376,26537,1,0,13,3,2,1,2,2,4,2,2,2,2,792.0,0,3.3333333333333335,0,0,0.05263157894736842,0.6666666666666666,1
30,0,Travel_Rarely,1138,Research & Development,6,3,Technical Degree,1,Female,48,2,2,Laboratory Technician,4,Married,4627,23631,0,0,12,3,1,1,10,6,3,9,2,6,7,420.6363636363636,3,2.0,0,0,0.0,0.8181818181818182,1
27,0,Travel_Frequently,1410,Sales,3,1,Medical,4,Female,71,4,2,Sales Executive,4,Divorced,4647,16673,1,1,20,4,2,2,6,3,3,6,5,0,4,663.8571428571429,6,3.3333333333333335,0,0,0.09090909090909091,0.8571428571428571,0
23,0,Travel_Rarely,571,Research & Development,12,2,Other,4,Male,78,3,1,Laboratory Technician,4,Single,2647,13672,1,0,13,3,3,0,5,6,4,5,2,1,4,441.1666666666667,4,3.6666666666666665,0,0,0.14285714285714285,0.8333333333333334,1
46,0,Travel_Rarely,734,Research & Development,2,4,Medical,3,Male,46,3,5,Research Director,4,Divorced,19328,14218,7,1,17,3,3,1,24,3,3,2,1,2,2,773.12,0,3.3333333333333335,0,0,0.23333333333333334,0.08,0
27,0,Travel_Rarely,975,Research & Development,7,3,Medical,4,Female,55,2,2,Healthcare Representative,1,Single,6811,23398,8,0,19,3,1,0,9,2,1,7,6,0,7,681.1,7,2.0,0,0,0.7272727272727273,0.7,2
33,1,Travel_Rarely,587,Research & Development,10,1,Medical,1,Male,38,1,1,Laboratory Technician,4,Divorced,3408,6705,7,0,13,3,1,3,8,2,3,4,3,1,3,378.6666666666667,3,2.0,0,0,0.4117647058823529,0.4444444444444444,1
48,0,Travel_Rarely,492,Sales,16,4,Life Sciences,3,Female,96,3,2,Sales Executive,3,Divorced,6439,13693,8,0,14,3,3,1,18,2,3,8,7,7,7,338.89473684210526,1,3.0,0,0,0.25,0.42105263157894735,1
38,0,Travel_Rarely,833,Research & Development,18,3,Medical,2,Male,60,1,2,Healthcare Representative,4,Married,5811,24539,3,1,16,3,3,1,15,2,3,1,0,1,0,363.1875,0,3.0,0,0,0.13636363636363635,0.0625,2
34,0,Travel_Frequently,702,Research & Development,16,4,Life Sciences,3,Female,100,2,1,Research Scientist,4,Single,2553,8306,1,0,16,3,3,0,6,3,3,5,2,1,3,364.7142857142857,4,3.3333333333333335,0,0,0.05555555555555555,0.7142857142857143,3
27,0,Travel_Frequently,829,Sales,8,1,Marketing,3,Male,84,3,2,Sales Executive,4,Married,4342,24008,0,0,19,3,2,1,5,3,3,4,2,1,1,723.6666666666666,3,3.0,0,0,0.0,0.6666666666666666,0
30,0,Travel_Frequently,160,Research & Development,3,3,Medical,3,Female,71,3,1,Research Scientist,3,Divorced,2083,22653,1,0,20,4,3,1,1,2,3,1,0,0,0,1041.5,1,3.0,0,0,0.07142857142857142,0.5,0
33,0,Non-Travel,530,Sales,16,3,Life Sciences,3,Female,36,3,2,Sales Executive,4,Divorced,5368,16130,1,1,25,4,3,1,7,2,3,6,5,1,2,671.0,5,3.3333333333333335,0,0,0.058823529411764705,0.75,1
28,1,Travel_Frequently,1009,Research & Development,1,3,Medical,1,Male,45,2,1,Laboratory Technician,2,Divorced,2596,7160,1,0,15,3,1,2,1,2,3,1,0,0,0,1298.0,1,1.3333333333333333,0,0,0.08333333333333333,0.5,1
23,1,Travel_Frequently,638,Sales,9,3,Marketing,4,Male,33,3,1,Sales Representative,1,Married,1790,26956,1,0,19,3,1,1,1,3,2,1,0,1,0,895.0,0,2.0,0,0,0.14285714285714285,0.5,0
47,0,Travel_Frequently,1379,Research & Development,16,4,Medical,3,Male,64,4,2,Manufacturing Director,3,Divorced,5067,6759,1,1,19,3,3,0,20,3,4,19,10,2,7,241.28571428571428,17,3.0,0,0,0.03225806451612903,0.9047619047619048,2
51,0,Travel_Rarely,432,Research & Development,9,4,Life Sciences,4,Male,96,3,1,Laboratory Technician,4,Married,2075,18725,3,0,23,4,2,2,10,4,3,4,2,0,3,188.63636363636363,4,3.3333333333333335,0,0,0.08571428571428572,0.36363636363636365,0
35,0,Travel_Rarely,750,Research & Development,28,3,Life Sciences,2,Male,46,4,2,Laboratory Technician,3,Married,3407,25348,1,0,17,3,4,2,10,3,2,10,9,6,8,309.72727272727275,4,3.0,0,0,0.05263157894736842,0.9090909090909091,1
30,1,Travel_Rarely,1005,Research & Development,3,3,Technical Degree,4,Female,88,3,1,Research Scientist,1,Single,2657,8556,5,1,11,3,3,0,8,5,3,5,2,0,4,295.22222222222223,5,2.6666666666666665,0,0,0.35714285714285715,0.5555555555555556,1
38,0,Travel_Frequently,471,Research & Development,12,3,Life Sciences,1,Male,45,2,2,Healthcare Representative,1,Divorced,6288,4284,2,0,15,3,3,1,13,3,2,4,3,1,2,449.14285714285717,3,1.6666666666666667,0,0,0.09090909090909091,0.2857142857142857,1
25,1,Travel_Rarely,688,Research & Development,3,3,Medical,1,Male,91,3,1,Laboratory Technician,1,Married,4031,9396,5,0,13,3,3,1,6,5,3,2,2,0,2,575.8571428571429,2,1.6666666666666667,0,0,0.5555555555555556,0.2857142857142857,0
47,0,Travel_Rarely,955,Sales,4,2,Life Sciences,4,Female,83,3,2,Sales Executive,4,Single,4163,8571,1,1,17,3,3,0,9,0,3,9,0,0,7,416.3,9,3.6666666666666665,0,0,0.03225806451612903,0.9,1
48,0,Travel_Rarely,1224,Research & Development,10,3,Life Sciences,4,Male,91,2,5,Research Director,2,Married,19665,13583,4,0,12,3,4,0,29,3,3,22,10,12,9,655.5,10,3.3333333333333335,0,0,0.125,0.7333333333333333,2
35,0,Travel_Rarely,672,Research & Development,25,3,Technical Degree,4,Male,78,2,3,Manufacturing Director,2,Married,10903,9129,3,0,16,3,1,0,16,2,3,13,10,4,8,641.3529411764706,9,2.3333333333333335,0,0,0.15789473684210525,0.7647058823529411,3
26,1,Travel_Frequently,426,Human Resources,17,4,Life Sciences,2,Female,58,3,1,Human Resources,3,Divorced,2741,22808,0,1,11,3,2,1,8,2,2,7,7,1,0,304.55555555555554,6,2.3333333333333335,1,0,0.0,0.7777777777777778,1
32,0,Travel_Rarely,1018,Research & Development,3,2,Life Sciences,3,Female,39,3,3,Research Director,4,Single,11159,19373,3,0,15,3,4,0,10,6,3,7,7,7,7,1014.4545454545455,0,3.6666666666666665,0,0,0.1875,0.6363636363636364,1
35,0,Travel_Rarely,528,Human Resources,8,4,Technical Degree,3,Male,100,3,1,Human Resources,3,Single,4323,7108,1,0,17,3,2,0,6,2,1,5,4,1,4,617.5714285714286,4,2.6666666666666665,0,0,0.05263157894736842,0.7142857142857143,1
39,1,Non-Travel,592,Research & Development,2,3,Life Sciences,1,Female,54,2,1,Laboratory Technician,1,Single,3646,17181,2,1,23,4,2,0,11,2,4,1,0,0,0,303.8333333333333,1,1.3333333333333333,0,0,0.08695652173913043,0.08333333333333333,2
40,0,Travel_Frequently,791,Research & Development,2,2,Medical,3,Female,38,4,2,Healthcare Representative,2,Married,4244,9931,1,0,24,4,4,1,8,2,3,8,7,3,7,471.55555555555554,5,3.0,0,0,0.041666666666666664,0.8888888888888888,0
30,0,Travel_Rarely,1465,Research & Development,1,3,Medical,4,Male,63,3,1,Research Scientist,2,Married,3579,9369,0,1,21,4,1,1,12,2,3,11,9,5,7,275.3076923076923,6,2.3333333333333335,0,1,0.0,0.8461538461538461,0
40,0,Travel_Rarely,107,Sales,10,3,Technical Degree,2,Female,84,2,2,Sales Executive,2,Divorced,6852,11591,7,0,12,3,2,1,7,2,4,5,1,1,3,856.5,4,2.0,0,0,0.2916666666666667,0.625,1
26,0,Travel_Rarely,192,Research & Development,1,2,Medical,1,Male,59,2,1,Laboratory Technician,1,Married,3955,11141,1,0,16,3,1,2,6,2,3,5,3,1,3,565.0,4,1.0,0,0,0.1,0.7142857142857143,1
21,0,Non-Travel,895,Sales,9,2,Medical,1,Male,39,3,1,Sales Representative,4,Single,2610,2851,1,0,24,4,3,0,3,3,2,3,2,2,2,652.5,1,2.6666666666666665,0,0,0.2,0.75,1
36,0,Travel_Rarely,913,Research & Development,9,2,Medical,2,Male,48,2,2,Manufacturing Director,2,Divorced,8847,13934,2,1,11,3,3,1,13,2,3,3,2,0,2,631.9285714285714,3,2.3333333333333335,0,0,0.1,0.21428571428571427,1
28,0,Non-Travel,1103,Research & Development,16,3,Medical,3,Male,49,3,1,Research Scientist,3,Single,2144,2122,1,0,14,3,3,0,5,3,2,5,3,1,4,357.3333333333333,4,3.0,0,0,0.08333333333333333,0.8333333333333334,2
28,1,Travel_Frequently,289,Research & Development,2,2,Medical,3,Male,38,2,1,Laboratory Technician,1,Single,2561,5355,7,0,11,3,3,0,8,2,2,0,0,0,0,284.55555555555554,0,2.3333333333333335,0,0,0.5833333333333334,0.0,2
21,1,Travel_Rarely,337,Sales,7,1,Marketing,2,Male,31,3,1,Sales Representative,2,Single,2679,4567,1,0,13,3,2,0,1,3,3,1,0,1,0,1339.5,0,2.0,0,0,0.2,0.5,1
40,0,Travel_Rarely,555,Research & Development,2,3,Medical,2,Female,78,2,2,Laboratory Technician,3,Married,3448,13436,6,0,22,4,2,1,20,3,3,1,0,0,0,164.1904761904762,1,2.3333333333333335,0,0,0.25,0.047619047619047616,1
33,0,Travel_Frequently,970,Sales,7,3,Life Sciences,4,Female,30,3,2,Sales Executive,2,Married,4302,13401,0,0,17,3,3,1,4,3,3,3,2,0,2,860.4,3,3.0,0,0,0.0,0.6,0
42,0,Travel_Rarely,1142,Research & Development,8,3,Life Sciences,4,Male,81,3,1,Laboratory Technician,3,Single,3968,13624,4,0,13,3,4,0,8,3,3,0,0,0,0,440.8888888888889,0,3.6666666666666665,0,0,0.15384615384615385,0.0,1
50,0,Travel_Frequently,809,Sales,12,3,Marketing,3,Female,77,3,3,Sales Executive,4,Single,9208,6645,4,0,11,3,4,0,16,3,3,2,2,2,1,541.6470588235294,0,3.6666666666666665,0,0,0.11764705882352941,0.11764705882352941,1
46,0,Travel_Rarely,644,Research & Development,1,4,Medical,4,Male,97,3,3,Healthcare Representative,1,Divorced,9396,12368,7,0,16,3,3,1,17,3,3,4,2,0,3,522.0,4,2.6666666666666665,0,0,0.23333333333333334,0.2222222222222222,0
20,1,Travel_Rarely,1362,Research & Development,10,1,Medical,4,Male,32,3,1,Research Scientist,3,Single,1009,26999,1,1,11,3,4,0,1,5,3,1,0,1,1,504.5,0,3.6666666666666665,0,0,0.25,0.5,1
45,0,Travel_Rarely,374,Sales,20,3,Life Sciences,4,Female,50,3,2,Sales Executive,3,Single,4850,23333,8,0,15,3,3,0,8,3,3,5,3,0,1,538.8888888888889,5,3.3333333333333335,0,0,0.27586206896551724,0.5555555555555556,2
29,1,Travel_Rarely,350,Human Resources,13,3,Human Resources,1,Male,56,2,1,Human Resources,1,Divorced,2335,3157,4,1,15,3,4,3,4,3,3,2,2,2,0,467.0,0,2.0,0,0,0.3076923076923077,0.4,1
32,0,Travel_Rarely,1018,Research & Development,2,4,Medical,1,Female,74,4,2,Research Scientist,4,Single,5055,10557,7,0,16,3,3,0,10,0,2,7,7,0,7,459.54545454545456,7,2.6666666666666665,0,0,0.4375,0.6363636363636364,1
35,0,Travel_Rarely,619,Sales,1,3,Marketing,2,Male,85,3,2,Sales Executive,3,Married,4717,18659,9,0,11,3,3,0,15,2,3,11,9,6,9,294.8125,5,2.6666666666666665,0,0,0.47368421052631576,0.6875,1
42,0,Travel_Rarely,622,Research & Development,2,4,Life Sciences,3,Female,81,3,2,Healthcare Representative,4,Married,4089,5718,1,0,13,3,2,2,10,4,3,10,2,2,2,371.72727272727275,8,3.0,0,0,0.038461538461538464,0.9090909090909091,0
37,1,Travel_Frequently,504,Research & Development,10,3,Medical,1,Male,61,3,3,Manufacturing Director,3,Divorced,10048,22573,6,0,11,3,2,2,17,5,3,1,0,0,0,558.2222222222222,1,2.0,0,0,0.2857142857142857,0.05555555555555555,0
40,0,Travel_Rarely,750,Research & Development,12,3,Life Sciences,2,Female,47,3,2,Healthcare Representative,1,Divorced,4448,10748,2,0,12,3,2,1,15,3,3,7,4,7,7,278.0,0,1.6666666666666667,0,0,0.08333333333333333,0.4375,0
56,1,Travel_Rarely,1162,Research & Development,24,2,Life Sciences,1,Male,97,3,1,Laboratory Technician,4,Single,2587,10261,1,0,16,3,4,0,5,3,3,4,2,1,0,431.1666666666667,3,3.0,0,0,0.025,0.6666666666666666,2
34,0,Travel_Frequently,1069,Research & Development,2,1,Life Sciences,4,Male,45,2,2,Manufacturing Director,3,Married,9547,14074,1,0,17,3,3,0,10,2,2,10,9,1,9,867.9090909090909,9,3.3333333333333335,0,0,0.05555555555555555,0.9090909090909091,2
31,0,Travel_Rarely,480,Research & Development,7,2,Medical,2,Female,31,3,2,Manufacturing Director,1,Married,4306,4156,1,0,12,3,2,1,13,5,1,13,10,3,12,307.57142857142856,10,1.6666666666666667,0,0,0.06666666666666667,0.9285714285714286,0
39,0,Travel_Frequently,1218,Research & Development,1,1,Life Sciences,2,Male,52,3,5,Manager,3,Divorced,19197,8213,1,1,14,3,3,1,21,3,3,21,8,1,6,872.5909090909091,20,2.6666666666666665,0,0,0.043478260869565216,0.9545454545454546,0
34,0,Travel_Rarely,479,Research & Development,7,4,Medical,1,Male,35,3,1,Research Scientist,4,Single,2972,22061,1,0,13,3,3,0,1,4,1,1,0,0,0,1486.0,1,2.6666666666666665,0,0,0.05555555555555555,0.5,1
30,0,Travel_Rarely,153,Research & Development,8,2,Life Sciences,2,Female,73,4,3,Research Director,1,Married,11416,17802,0,1,12,3,3,3,9,4,2,8,7,1,7,1141.6,7,2.0,1,0,0.0,0.8,0
52,0,Travel_Frequently,322,Research & Development,28,2,Medical,4,Female,59,4,4,Manufacturing Director,3,Married,13247,9731,2,1,11,3,2,1,24,3,2,5,3,0,2,529.88,5,3.0,1,0,0.05555555555555555,0.2,1
37,0,Travel_Rarely,482,Research & Development,3,3,Other,3,Male,36,3,3,Manufacturing Director,3,Married,9434,9606,1,0,15,3,3,1,10,2,3,10,7,7,8,857.6363636363636,3,3.0,0,0,0.047619047619047616,0.9090909090909091,0
32,0,Travel_Rarely,638,Research & Development,8,2,Medical,3,Female,91,4,2,Research Scientist,3,Married,5175,22162,5,0,12,3,3,1,9,3,2,5,3,1,3,517.5,4,3.0,0,0,0.3125,0.5,0
33,0,Travel_Rarely,392,Sales,2,4,Medical,4,Male,93,3,2,Sales Executive,4,Divorced,5505,3921,1,0,14,3,3,2,6,5,3,6,2,0,4,786.4285714285714,6,3.6666666666666665,0,0,0.058823529411764705,0.8571428571428571,0
18,1,Non-Travel,247,Research & Development,8,1,Medical,3,Male,80,3,1,Laboratory Technician,3,Single,1904,13556,1,0,12,3,4,0,0,0,3,0,0,0,0,1904.0,0,3.3333333333333335,0,0,0.5,0.0,1
33,1,Travel_Rarely,465,Research & Development,2,2,Life Sciences,1,Female,39,3,1,Laboratory Technician,1,Married,2707,21509,7,0,20,4,1,0,13,3,4,9,7,1,7,193.35714285714286,8,1.0,0,0,0.4117647058823529,0.6428571428571429,1
33,0,Non-Travel,1313,Research & Development,1,2,Medical,2,Male,59,2,1,Laboratory Technician,3,Divorced,2008,20439,1,0,12,3,3,3,1,2,2,1,1,0,0,1004.0,1,2.6666666666666665,0,0,0.058823529411764705,0.5,1
30,0,Travel_Frequently,1012,Research & Development,5,4,Life Sciences,2,Male,75,2,1,Research Scientist,4,Divorced,3761,2373,9,0,12,3,2,1,10,3,2,5,4,0,3,341.90909090909093,5,2.6666666666666665,0,0,0.6428571428571429,0.45454545454545453,1
36,0,Travel_Rarely,164,Sales,2,2,Medical,2,Male,61,2,3,Sales Executive,3,Married,7596,3809,1,0,13,3,2,2,10,2,3,10,9,9,0,690.5454545454545,1,2.3333333333333335,0,0,0.05,0.9090909090909091,1
40,0,Travel_Frequently,692,Research & Development,11,3,Technical Degree,4,Female,73,3,2,Laboratory Technician,3,Married,6323,26849,1,0,11,3,1,1,10,2,4,10,9,9,4,574.8181818181819,1,2.6666666666666665,0,0,0.041666666666666664,0.9090909090909091,0
27,0,Non-Travel,691,Research & Development,9,3,Medical,4,Male,57,3,1,Research Scientist,2,Divorced,2024,5970,6,0,18,3,4,1,6,1,1,2,2,2,2,289.14285714285717,0,3.3333333333333335,0,0,0.5454545454545454,0.2857142857142857,0
48,0,Travel_Rarely,715,Research & Development,1,3,Life Sciences,4,Male,76,2,5,Research Director,4,Single,18265,8733,6,0,12,3,3,0,25,3,4,1,0,0,0,702.5,1,3.6666666666666665,0,0,0.1875,0.038461538461538464,2
37,0,Travel_Rarely,589,Sales,9,2,Marketing,2,Male,46,2,2,Sales Executive,2,Married,4189,8800,1,0,14,3,1,2,5,2,3,5,2,0,3,698.1666666666666,5,1.6666666666666667,0,0,0.047619047619047616,0.8333333333333334,1
50,0,Travel_Rarely,328,Research & Development,1,3,Medical,3,Male,86,2,1,Laboratory Technician,3,Married,3690,3425,2,0,15,3,4,1,5,2,2,3,2,0,2,615.0,3,3.3333333333333335,0,0,0.058823529411764705,0.5,1
26,0,Travel_Rarely,991,Research & Development,6,3,Life Sciences,3,Female,71,3,1,Laboratory Technician,4,Married,2659,17759,1,1,13,3,3,1,3,2,3,3,2,0,2,664.75,3,3.3333333333333335,0,0,0.1,0.75,0
42,0,Travel_Rarely,201,Research & Development,1,4,Life Sciences,2,Female,95,3,1,Laboratory Technician,1,Divorced,2576,20490,3,0,16,3,2,1,8,5,3,5,2,1,2,286.22222222222223,4,1.6666666666666667,0,0,0.11538461538461539,0.5555555555555556,0
26,0,Travel_Rarely,1066,Research & Development,2,2,Medical,4,Male,32,4,2,Manufacturing Director,4,Married,5472,3334,1,0,12,3,2,0,8,2,3,8,7,1,3,608.0,7,3.3333333333333335,0,0,0.1,0.8888888888888888,1
25,0,Travel_Rarely,1280,Research & Development,7,1,Medical,4,Male,64,2,1,Research Scientist,4,Married,2889,26897,1,0,11,3,3,2,2,2,3,2,2,2,1,963.0,0,3.6666666666666665,0,0,0.1111111111111111,0.6666666666666666,1
50,1,Travel_Frequently,562,Sales,8,2,Technical Degree,2,Male,50,3,2,Sales Executive,3,Married,6796,23452,3,1,14,3,1,1,18,4,3,4,3,1,3,357.6842105263158,3,2.0,0,0,0.08823529411764706,0.21052631578947367,0
40,0,Travel_Frequently,1469,Research & Development,9,4,Medical,4,Male,35,3,1,Research Scientist,2,Divorced,3617,25063,8,1,14,3,4,1,3,2,3,1,1,0,0,904.25,1,3.3333333333333335,0,0,0.3333333333333333,0.25,0
40,0,Travel_Rarely,898,Human Resources,6,2,Medical,3,Male,38,3,4,Manager,4,Single,16437,17381,1,1,21,4,4,0,21,2,3,21,7,7,7,747.1363636363636,14,3.6666666666666665,0,1,0.041666666666666664,0.9545454545454546,1
51,0,Travel_Frequently,1456,Research & Development,1,4,Medical,1,Female,30,2,3,Healthcare Representative,1,Single,7484,25796,3,0,20,4,3,0,23,1,2,13,12,12,8,311.8333333333333,1,1.6666666666666667,0,1,0.08571428571428572,0.5416666666666666,2
28,1,Travel_Rarely,654,Research & Development,1,2,Life Sciences,1,Female,67,1,1,Research Scientist,2,Single,2216,3872,7,1,13,3,4,0,10,4,3,7,7,3,7,201.45454545454547,4,2.3333333333333335,0,0,0.5833333333333334,0.6363636363636364,2
40,0,Travel_Frequently,1184,Sales,2,4,Medical,2,Male,62,3,2,Sales Executive,2,Married,4327,25440,5,0,12,3,4,3,5,2,3,0,0,0,0,721.1666666666666,0,2.6666666666666665,0,0,0.20833333333333334,0.0,0
46,0,Travel_Rarely,1003,Research & Development,8,4,Life Sciences,4,Female,74,2,2,Research Scientist,1,Divorced,4615,21029,8,1,23,4,1,3,19,2,3,16,13,1,7,230.75,15,2.0,0,0,0.26666666666666666,0.8,1
40,0,Travel_Rarely,523,Research & Development,2,3,Life Sciences,3,Male,98,3,2,Research Scientist,4,Single,4661,22455,1,0,13,3,3,0,9,4,3,9,8,8,8,466.1,1,3.3333333333333335,0,0,0.041666666666666664,0.9,1
33,0,Travel_Rarely,1069,Research & Development,1,3,Life Sciences,2,Female,42,2,2,Healthcare Representative,4,Single,6949,12291,0,0,14,3,1,0,6,3,3,5,0,1,4,992.7142857142857,4,2.3333333333333335,0,0,0.0,0.7142857142857143,2
53,0,Travel_Rarely,1219,Sales,2,4,Life Sciences,1,Female,78,2,4,Manager,4,Married,15427,22021,2,0,16,3,3,0,31,3,3,25,8,3,7,482.09375,22,2.6666666666666665,0,0,0.05405405405405406,0.78125,2
30,0,Travel_Rarely,202,Sales,2,1,Technical Degree,3,Male,72,3,1,Sales Representative,2,Married,2476,17434,1,0,18,3,1,1,1,3,3,1,0,0,0,1238.0,1,2.0,0,0,0.07142857142857142,0.5,0
40,0,Travel_Rarely,1342,Sales,9,2,Medical,1,Male,47,3,2,Sales Executive,1,Married,5473,19345,0,0,12,3,4,0,9,5,4,8,4,7,1,547.3,1,2.0,0,0,0.0,0.8,1
39,0,Travel_Frequently,505,Research & Development,2,4,Technical Degree,3,Female,64,3,3,Healthcare Representative,3,Single,10938,6420,0,0,25,4,4,0,20,1,3,19,6,11,8,520.8571428571429,8,3.3333333333333335,0,1,0.0,0.9047619047619048,1
26,0,Travel_Rarely,157,Research & Development,1,3,Medical,3,Male,95,3,1,Laboratory Technician,1,Single,2867,20006,0,0,13,3,4,0,8,6,2,7,7,7,6,318.55555555555554,0,2.6666666666666665,0,0,0.0,0.7777777777777778,1
52,0,Travel_Rarely,1323,Research & Development,2,3,Life Sciences,3,Female,89,2,1,Laboratory Technician,4,Single,3212,3300,7,0,15,3,2,0,6,3,2,2,2,2,2,458.85714285714283,0,3.0,0,0,0.19444444444444445,0.2857142857142857,2
31,0,Non-Travel,697,Research & Development,10,3,Medical,3,Female,40,3,3,Research Director,3,Married,11031,26862,4,0,20,4,3,1,13,2,4,11,7,4,8,787.9285714285714,7,3.0,0,1,0.26666666666666666,0.7857142857142857,0
36,0,Travel_Rarely,1299,Research & Development,27,3,Medical,3,Male,94,3,2,Healthcare Representative,3,Married,5237,16577,6,0,13,3,2,2,17,3,2,7,7,7,7,290.94444444444446,0,2.6666666666666665,0,0,0.3,0.3888888888888889,1
38,0,Travel_Frequently,693,Research & Development,7,3,Life Sciences,4,Male,57,4,1,Research Scientist,3,Divorced,2610,15748,1,0,11,3,4,3,4,2,3,4,2,0,3,522.0,4,3.6666666666666665,0,0,0.045454545454545456,0.8,0
42,0,Non-Travel,495,Research & Development,2,1,Life Sciences,3,Male,37,3,4,Manager,3,Married,17861,26582,0,1,13,3,4,0,21,3,2,20,8,2,10,811.8636363636364,18,3.3333333333333335,1,0,0.0,0.9090909090909091,1
38,0,Travel_Rarely,433,Human Resources,1,3,Human Resources,3,Male,37,4,1,Human Resources,3,Married,2844,6004,1,0,13,3,4,1,7,2,4,7,6,5,0,355.5,2,3.3333333333333335,0,0,0.045454545454545456,0.875,0
39,0,Travel_Rarely,1383,Human Resources,2,3,Life Sciences,4,Female,42,2,2,Human Resources,4,Married,5204,7790,8,0,11,3,3,2,13,2,3,5,4,0,4,371.7142857142857,5,3.6666666666666665,0,0,0.34782608695652173,0.35714285714285715,1
22,1,Travel_Rarely,391,Research & Development,7,1,Life Sciences,4,Male,75,3,1,Research Scientist,2,Single,2472,26092,1,1,23,4,1,0,1,2,3,1,0,0,0,1236.0,1,2.3333333333333335,0,0,0.16666666666666666,0.5,1
24,1,Travel_Rarely,240,Human Resources,22,1,Human Resources,4,Male,58,1,1,Human Resources,3,Married,1555,11585,1,0,11,3,3,1,1,2,3,1,0,0,0,777.5,1,3.3333333333333335,0,0,0.125,0.5,2
47,0,Travel_Rarely,202,Research & Development,2,2,Other,3,Female,33,3,4,Manager,4,Married,16752,12982,1,1,11,3,3,1,26,3,2,26,14,3,0,620.4444444444445,23,3.3333333333333335,1,0,0.03225806451612903,0.9629629629629629,0
44,0,Travel_Rarely,661,Research & Development,9,2,Life Sciences,2,Male,61,3,1,Research Scientist,1,Married,2559,7508,1,1,13,3,4,0,8,0,3,8,7,7,1,284.3333333333333,1,2.3333333333333335,0,0,0.03571428571428571,0.8888888888888888,1
46,0,Travel_Rarely,566,Research & Development,7,2,Medical,4,Male,75,3,3,Manufacturing Director,3,Divorced,10845,24208,6,0,13,3,2,1,13,3,3,8,7,0,7,774.6428571428571,8,3.0,0,0,0.2,0.5714285714285714,0
34,1,Travel_Frequently,988,Human Resources,23,3,Human Resources,2,Female,43,3,3,Human Resources,1,Divorced,9950,11533,9,1,15,3,3,3,11,2,3,3,2,0,2,829.1666666666666,3,2.0,0,0,0.5,0.25,1
40,1,Non-Travel,1479,Sales,24,3,Life Sciences,2,Female,100,4,4,Sales Executive,2,Single,13194,17071,4,1,16,3,4,0,22,2,2,1,0,0,0,573.6521739130435,1,2.6666666666666665,1,0,0.16666666666666666,0.043478260869565216,2
30,0,Travel_Rarely,1288,Sales,29,4,Technical Degree,3,Male,33,3,3,Sales Executive,2,Married,9250,17799,3,0,12,3,2,1,9,3,3,4,2,1,3,925.0,3,2.3333333333333335,0,0,0.21428571428571427,0.4,1
49,0,Travel_Rarely,527,Research & Development,8,2,Other,1,Female,51,3,3,Laboratory Technician,2,Married,7403,22477,4,0,11,3,3,1,29,3,2,26,9,1,7,246.76666666666668,25,2.0,0,0,0.12121212121212122,0.8666666666666667,0
55,0,Travel_Rarely,685,Sales,26,5,Marketing,3,Male,60,2,5,Manager,4,Married,19586,23037,1,0,21,4,3,1,36,3,3,36,6,2,13,529.3513513513514,34,3.3333333333333335,0,0,0.02564102564102564,0.972972972972973,2
30,1,Travel_Frequently,334,Sales,26,4,Marketing,3,Female,52,2,2,Sales Executive,1,Single,6696,22967,5,0,15,3,3,0,9,5,2,6,3,0,1,669.6,6,2.3333333333333335,0,0,0.35714285714285715,0.6,3
40,0,Travel_Frequently,1395,Research & Development,26,3,Medical,2,Female,54,3,2,Research Scientist,2,Divorced,5605,8504,1,0,11,3,1,1,20,2,3,20,7,2,13,266.9047619047619,18,1.6666666666666667,0,0,0.041666666666666664,0.9523809523809523,1
27,0,Non-Travel,1450,Research & Development,3,3,Medical,3,Male,79,2,1,Research Scientist,3,Divorced,2566,25326,1,1,15,3,4,1,1,2,2,1,1,0,1,1283.0,1,3.3333333333333335,1,0,0.09090909090909091,0.5,1
32,0,Travel_Rarely,548,Research & Development,1,3,Life Sciences,2,Male,66,3,2,Research Scientist,2,Married,6220,7346,1,0,17,3,2,2,10,3,3,10,4,0,9,565.4545454545455,10,2.0,0,0,0.0625,0.9090909090909091,0
53,0,Travel_Rarely,661,Sales,7,2,Marketing,1,Female,78,2,3,Sales Executive,4,Married,10934,20715,7,1,18,3,4,1,35,3,3,5,2,0,4,303.72222222222223,5,3.0,0,0,0.1891891891891892,0.1388888888888889,1
27,0,Travel_Rarely,1354,Research & Development,2,4,Technical Degree,2,Male,41,3,1,Research Scientist,2,Married,2226,6073,1,0,11,3,3,1,6,3,2,5,3,1,2,318.0,4,2.3333333333333335,0,0,0.09090909090909091,0.7142857142857143,0
31,0,Travel_Rarely,828,Sales,2,1,Life Sciences,2,Male,77,3,2,Sales Executive,4,Single,6582,8346,4,1,13,3,3,0,10,2,4,6,5,0,5,598.3636363636364,6,3.0,0,0,0.26666666666666666,0.5454545454545454,1
36,0,Travel_Rarely,325,Research & Development,10,4,Technical Degree,4,Female,63,3,3,Healthcare Representative,3,Married,7094,5747,3,0,12,3,1,0,10,0,3,7,7,1,7,644.9090909090909,6,2.6666666666666665,0,0,0.15,0.6363636363636364,1
35,1,Travel_Rarely,763,Sales,15,2,Medical,1,Male,59,1,2,Sales Executive,4,Divorced,5440,22098,6,1,14,3,4,2,7,2,2,2,2,2,2,680.0,0,3.0,1,0,0.3157894736842105,0.25,1
42,0,Travel_Rarely,557,Research & Development,18,4,Life Sciences,4,Male,35,3,2,Research Scientist,1,Divorced,5410,11189,6,1,17,3,3,1,9,3,2,4,3,1,2,541.0,3,2.6666666666666665,1,0,0.23076923076923078,0.4,1
41,0,Travel_Rarely,918,Sales,6,3,Marketing,4,Male,35,3,3,Sales Executive,3,Single,9241,15869,1,0,12,3,2,0,10,3,3,10,8,8,7,840.0909090909091,2,3.0,0,0,0.04,0.9090909090909091,1
45,1,Travel_Frequently,306,Sales,26,4,Life Sciences,1,Female,100,3,2,Sales Executive,1,Married,4286,5630,2,0,14,3,4,2,5,4,3,1,1,0,0,714.3333333333334,1,2.0,0,0,0.06896551724137931,0.16666666666666666,1
38,0,Travel_Frequently,888,Human Resources,10,4,Human Resources,3,Male,71,3,2,Human Resources,3,Married,6077,14814,3,0,11,3,3,0,10,2,3,6,3,1,2,552.4545454545455,5,3.0,0,0,0.13636363636363635,0.5454545454545454,1
32,0,Travel_Frequently,379,Sales,5,2,Life Sciences,2,Male,48,3,2,Sales Executive,2,Married,6524,8891,1,0,14,3,4,1,10,3,3,10,8,5,3,593.0909090909091,5,2.6666666666666665,0,0,0.0625,0.9090909090909091,0
38,0,Travel_Rarely,1153,Research & Development,6,2,Other,4,Female,40,2,1,Laboratory Technician,3,Married,3702,16376,1,0,11,3,2,1,5,3,3,5,4,0,4,617.0,5,3.0,0,0,0.045454545454545456,0.8333333333333334,1
26,0,Travel_Rarely,572,Sales,10,3,Medical,3,Male,46,3,2,Sales Executive,4,Single,4684,9125,1,0,13,3,1,0,5,4,3,5,3,1,2,780.6666666666666,4,2.6666666666666665,0,0,0.1,0.8333333333333334,1
41,1,Travel_Rarely,1102,Sales,1,2,Life Sciences,2,Female,94,3,2,Sales Executive,4,Single,5993,19479,8,1,11,3,1,0,8,0,1,6,4,0,5,665.8888888888889,6,2.3333333333333335,1,0,0.32,0.6666666666666666,1
37,0,Travel_Rarely,342,Sales,16,4,Marketing,4,Male,66,2,2,Sales Executive,3,Divorced,6334,24558,4,0,19,3,4,2,9,2,3,1,0,0,0,633.4,1,3.6666666666666665,0,0,0.19047619047619047,0.1,2
29,0,Travel_Rarely,332,Human Resources,17,3,Other,2,Male,51,2,3,Human Resources,1,Single,7988,9769,1,0,13,3,1,0,10,3,2,10,9,0,9,726.1818181818181,10,1.3333333333333333,0,0,0.07692307692307693,0.9090909090909091,3
44,0,Travel_Rarely,1315,Research & Development,3,4,Other,4,Male,35,3,5,Manager,4,Married,19513,9358,4,1,12,3,1,1,26,2,4,2,2,0,1,722.7037037037037,2,3.0,0,0,0.14285714285714285,0.07407407407407407,0
31,1,Travel_Rarely,1079,Sales,16,4,Marketing,1,Male,70,3,3,Sales Executive,3,Married,8161,19002,2,0,13,3,1,3,10,2,3,1,0,0,0,741.9090909090909,1,1.6666666666666667,0,0,0.13333333333333333,0.09090909090909091,1
48,1,Travel_Rarely,626,Research & Development,1,2,Life Sciences,1,Male,98,2,3,Laboratory Technician,3,Single,5381,19294,9,1,13,3,4,0,23,2,3,1,0,0,0,224.20833333333334,1,2.6666666666666665,0,0,0.28125,0.041666666666666664,2
32,0,Travel_Rarely,929,Sales,10,3,Marketing,4,Male,55,3,2,Sales Executive,4,Single,5396,21703,1,0,12,3,4,0,10,2,2,10,7,0,8,490.54545454545456,10,4.0,0,0,0.0625,0.9090909090909091,1
56,0,Non-Travel,667,Research & Development,1,4,Life Sciences,3,Male,57,3,2,Healthcare Representative,3,Divorced,6306,26236,1,0,21,4,1,1,13,2,2,13,12,1,9,450.42857142857144,12,2.3333333333333335,0,0,0.025,0.9285714285714286,0
36,0,Travel_Rarely,363,Research & Development,1,3,Technical Degree,3,Female,77,1,3,Manufacturing Director,1,Divorced,10252,4235,2,1,21,4,3,1,17,2,3,7,7,7,7,569.5555555555555,0,2.3333333333333335,0,1,0.1,0.3888888888888889,1
19,1,Non-Travel,504,Research & Development,10,3,Medical,1,Female,96,2,1,Research Scientist,2,Single,1859,6148,1,1,25,4,2,0,1,2,4,1,1,0,0,929.5,1,1.6666666666666667,0,0,0.3333333333333333,0.5,2
24,0,Travel_Rarely,581,Research & Development,9,3,Medical,3,Male,62,4,1,Research Scientist,3,Married,4401,17616,1,0,16,3,4,1,5,1,3,5,3,0,4,733.5,5,3.3333333333333335,0,0,0.125,0.8333333333333334,0
36,0,Non-Travel,1434,Sales,8,4,Life Sciences,1,Male,76,2,3,Sales Executive,1,Single,7587,14229,1,0,15,3,2,0,10,1,3,10,7,0,9,689.7272727272727,10,1.3333333333333333,0,0,0.05,0.9090909090909091,2
25,0,Travel_Rarely,1372,Sales,18,1,Life Sciences,1,Male,93,4,2,Sales Executive,3,Married,6232,12477,2,0,11,3,2,0,6,3,2,3,2,1,2,890.2857142857143,2,2.0,0,0,0.2222222222222222,0.42857142857142855,2
29,0,Travel_Rarely,352,Human Resources,6,1,Medical,4,Male,87,2,1,Human Resources,2,Married,2804,15434,1,0,11,3,4,0,1,3,3,1,0,0,0,1402.0,1,3.3333333333333335,0,0,0.07692307692307693,0.5,2
36,0,Travel_Rarely,132,Research & Development,6,3,Life Sciences,2,Female,55,4,1,Laboratory Technician,4,Married,3038,22002,3,0,12,3,2,0,5,3,3,1,0,0,0,506.3333333333333,1,2.6666666666666665,0,0,0.15,0.16666666666666666,1
29,0,Travel_Rarely,1090,Sales,10,3,Marketing,4,Male,83,3,1,Sales Representative,2,Divorced,2297,17967,1,0,14,3,4,2,2,2,3,2,2,2,2,765.6666666666666,0,3.3333333333333335,0,0,0.07692307692307693,0.6666666666666666,0
24,0,Travel_Rarely,1353,Sales,3,2,Other,1,Female,33,3,2,Sales Executive,3,Married,4999,17519,0,0,21,4,1,1,4,2,2,3,2,0,2,999.8,3,1.6666666666666667,0,0,0.0,0.6,0
32,0,Travel_Rarely,267,Research & Development,29,4,Life Sciences,3,Female,49,2,1,Laboratory Technician,2,Single,2837,15919,1,0,13,3,3,0,6,3,3,6,2,4,1,405.2857142857143,2,2.6666666666666665,0,0,0.0625,0.8571428571428571,3
39,0,Non-Travel,105,Research & Development,9,3,Life Sciences,4,Male,87,3,5,Manager,4,Single,19431,15302,2,0,13,3,3,0,21,3,2,6,0,1,3,883.2272727272727,5,3.6666666666666665,0,0,0.08695652173913043,0.2727272727272727,1
41,0,Travel_Rarely,1206,Sales,23,2,Life Sciences,4,Male,80,3,3,Sales Executive,3,Single,7082,11591,3,1,16,3,4,0,21,2,3,2,0,0,2,321.90909090909093,2,3.6666666666666665,0,0,0.12,0.09090909090909091,2
46,0,Travel_Rarely,1450,Research & Development,15,2,Life Sciences,4,Male,52,3,5,Research Director,2,Married,19081,10849,5,0,11,3,1,1,25,2,3,4,2,0,3,733.8846153846154,4,2.3333333333333335,0,0,0.16666666666666666,0.15384615384615385,0
29,1,Travel_Rarely,318,Research & Development,8,4,Other,2,Male,77,1,1,Laboratory Technician,1,Married,2119,4759,1,1,11,3,4,0,7,4,2,7,7,0,7,264.875,7,2.3333333333333335,1,0,0.07692307692307693,0.875,2
31,1,Travel_Frequently,534,Research & Development,20,3,Life Sciences,1,Male,66,3,3,Healthcare Representative,3,Married,9824,22908,3,0,12,3,1,0,12,2,3,1,0,0,0,755.6923076923077,1,1.6666666666666667,0,0,0.2,0.07692307692307693,2
47,0,Travel_Rarely,571,Sales,14,3,Medical,3,Female,78,3,2,Sales Executive,3,Married,4591,24200,3,1,17,3,3,1,11,4,2,5,4,1,2,382.5833333333333,4,3.0,1,0,0.0967741935483871,0.4166666666666667,0
28,1,Travel_Rarely,890,Research & Development,2,4,Medical,3,Male,46,3,1,Research Scientist,3,Single,4382,16374,6,0,17,3,4,0,5,3,2,2,2,2,1,730.3333333333334,0,3.3333333333333335,0,0,0.5,0.3333333333333333,1
44,0,Non-Travel,489,Research & Development,23,3,Medical,2,Male,67,3,2,Laboratory Technician,2,Married,2042,25043,4,0,12,3,3,1,17,3,4,3,2,1,2,113.44444444444444,2,2.3333333333333335,0,0,0.14285714285714285,0.16666666666666666,1
39,1,Travel_Rarely,1122,Research & Development,6,3,Medical,4,Male,70,3,1,Laboratory Technician,1,Married,2404,4303,7,1,21,4,4,0,8,2,1,2,2,2,2,267.1111111111111,0,3.0,1,0,0.30434782608695654,0.2222222222222222,1
30,0,Non-Travel,829,Research & Development,1,1,Life Sciences,3,Male,88,2,3,Manufacturing Director,3,Single,8474,20925,1,0,22,4,3,0,12,2,3,11,8,5,8,651.8461538461538,6,3.0,0,1,0.07142857142857142,0.8461538461538461,2
59,0,Travel_Rarely,818,Human Resources,6,2,Medical,2,Male,52,3,1,Human Resources,3,Married,2267,25657,8,0,17,3,4,0,7,2,2,2,2,2,2,283.375,0,3.0,0,0,0.18604651162790697,0.25,1
28,0,Travel_Rarely,895,Research & Development,15,2,Life Sciences,1,Male,50,3,1,Laboratory Technician,3,Divorced,2207,22482,1,0,16,3,4,1,4,5,2,4,2,2,2,441.4,2,2.6666666666666665,0,0,0.08333333333333333,0.8,0
39,0,Non-Travel,439,Research & Development,9,3,Life Sciences,3,Male,70,3,2,Laboratory Technician,2,Single,6782,8770,9,0,15,3,3,0,9,2,2,5,4,0,3,678.2,5,2.6666666666666665,0,0,0.391304347826087,0.5,1
50,0,Travel_Rarely,316,Sales,8,4,Marketing,4,Male,54,3,1,Sales Representative,2,Married,3875,9983,7,0,15,3,4,1,4,2,3,2,2,2,2,775.0,0,3.3333333333333335,0,0,0.20588235294117646,0.4,0
44,0,Travel_Rarely,1448,Sales,28,3,Medical,4,Female,53,4,4,Sales Executive,4,Married,13320,11737,3,1,18,3,3,1,23,2,3,12,11,11,11,555.0,1,3.6666666666666665,0,0,0.10714285714285714,0.5,1
33,1,Travel_Frequently,827,Research & Development,29,4,Medical,1,Female,54,2,2,Research Scientist,3,Single,4508,3129,1,0,22,4,2,0,14,4,3,13,7,3,8,300.53333333333336,10,2.0,0,0,0.058823529411764705,0.8666666666666667,3
50,0,Travel_Rarely,1452,Research & Development,11,3,Life Sciences,3,Female,53,3,5,Manager,2,Single,19926,17053,3,0,15,3,2,0,21,5,3,5,4,4,4,905.7272727272727,1,2.3333333333333335,0,0,0.08823529411764706,0.22727272727272727,1
19,1,Travel_Frequently,602,Sales,1,1,Technical Degree,3,Female,100,1,1,Sales Representative,1,Single,2325,20989,0,0,21,4,1,0,1,5,4,0,0,0,0,1162.5,0,1.6666666666666667,0,0,0.0,0.0,2
42,0,Travel_Rarely,319,Research & Development,24,3,Medical,4,Male,56,3,3,Manufacturing Director,1,Married,7406,6950,1,1,21,4,4,1,10,5,2,10,9,5,8,673.2727272727273,5,3.0,1,1,0.038461538461538464,0.9090909090909091,1
38,0,Travel_Rarely,1245,Sales,14,3,Life Sciences,3,Male,80,3,2,Sales Executive,2,Married,9924,12355,0,0,11,3,4,1,10,3,3,9,8,7,7,902.1818181818181,2,3.0,0,0,0.0,0.8181818181818182,0
50,0,Travel_Rarely,854,Sales,1,4,Medical,4,Female,68,3,5,Manager,4,Divorced,19517,24118,3,0,11,3,3,1,32,3,2,7,0,0,6,591.4242424242424,7,3.6666666666666665,0,0,0.08823529411764706,0.21212121212121213,0
23,0,Travel_Rarely,650,Research & Development,9,1,Medical,2,Male,37,3,1,Laboratory Technician,1,Married,2500,4344,1,0,14,3,4,1,5,2,4,4,3,0,2,416.6666666666667,4,2.3333333333333335,0,0,0.14285714285714285,0.6666666666666666,0
29,0,Travel_Rarely,1176,Sales,3,2,Medical,2,Female,62,3,2,Sales Executive,3,Married,5561,3487,1,0,14,3,1,1,6,5,2,6,0,1,2,794.4285714285714,5,2.0,0,0,0.07692307692307693,0.8571428571428571,0
31,0,Travel_Rarely,1154,Sales,2,2,Life Sciences,1,Male,54,3,1,Sales Representative,3,Married,3067,6393,0,0,19,3,3,1,3,1,3,2,2,1,2,766.75,1,2.3333333333333335,0,0,0.0,0.5,0
33,0,Travel_Rarely,924,Research & Development,2,3,Medical,3,Male,78,3,1,Laboratory Technician,4,Single,2496,6670,4,0,11,3,4,0,7,3,3,1,1,0,0,312.0,1,3.6666666666666665,0,0,0.23529411764705882,0.125,1
29,0,Travel_Frequently,574,Research & Development,20,1,Medical,4,Male,40,3,1,Laboratory Technician,4,Married,3812,7003,1,0,13,3,2,0,11,3,4,11,8,3,10,317.6666666666667,8,3.3333333333333335,0,0,0.07692307692307693,0.9166666666666666,2
29,0,Travel_Rarely,469,Sales,10,3,Medical,3,Male,42,2,2,Sales Executive,3,Single,5869,23413,9,0,11,3,3,0,8,2,3,5,2,1,4,652.1111111111111,4,3.0,0,0,0.6923076923076923,0.5555555555555556,2
45,0,Travel_Rarely,1316,Research & Development,29,3,Medical,3,Male,83,3,1,Research Scientist,4,Single,3452,9752,5,0,13,3,2,0,9,2,2,6,5,0,3,345.2,6,3.0,0,0,0.1724137931034483,0.6,2
45,0,Travel_Rarely,252,Research & Development,1,3,Other,3,Male,70,4,5,Manager,4,Married,19202,15970,0,0,11,3,3,1,25,2,3,24,0,1,7,738.5384615384615,23,3.3333333333333335,0,0,0.0,0.9230769230769231,0
36,0,Travel_Frequently,1302,Research & Development,6,4,Life Sciences,1,Male,80,4,2,Laboratory Technician,1,Married,5562,19711,3,1,13,3,4,1,9,3,3,3,2,0,2,556.2,3,2.0,0,0,0.15,0.3,0
37,0,Travel_Rarely,1115,Research & Development,1,4,Life Sciences,1,Male,51,2,2,Manufacturing Director,3,Divorced,5993,2689,1,0,18,3,3,1,7,2,4,7,5,0,7,749.125,7,2.3333333333333335,0,0,0.047619047619047616,0.875,1
32,1,Travel_Rarely,1259,Research & Development,2,4,Life Sciences,4,Male,95,3,1,Laboratory Technician,2,Single,1393,24852,1,0,12,3,1,0,1,2,3,1,0,0,0,696.5,1,2.3333333333333335,0,0,0.0625,0.5,1
24,1,Travel_Frequently,381,Research & Development,9,3,Medical,2,Male,89,3,1,Laboratory Technician,1,Single,3172,16998,2,1,11,3,3,0,4,2,2,0,0,0,0,634.4,0,2.0,1,0,0.25,0.0,1
28,0,Travel_Rarely,1117,Research & Development,8,2,Life Sciences,4,Female,66,3,1,Research Scientist,4,Single,3310,4488,1,0,21,4,4,0,5,3,3,5,3,0,2,551.6666666666666,5,4.0,0,0,0.08333333333333333,0.8333333333333334,1
34,1,Non-Travel,967,Research & Development,16,4,Technical Degree,4,Male,85,1,1,Research Scientist,1,Married,2307,14460,1,1,23,4,2,1,5,2,3,5,2,3,0,384.5,2,2.3333333333333335,0,0,0.05555555555555555,0.8333333333333334,2
29,0,Travel_Rarely,598,Research & Development,9,3,Life Sciences,3,Male,91,4,1,Research Scientist,3,Married,2451,22376,6,0,18,3,1,2,5,2,2,1,0,0,0,408.5,1,2.3333333333333335,0,0,0.46153846153846156,0.16666666666666666,0
45,0,Travel_Rarely,788,Human Resources,24,4,Medical,2,Male,36,3,1,Human Resources,2,Single,2177,8318,1,0,16,3,1,0,6,3,3,6,3,0,4,311.0,6,1.6666666666666667,0,0,0.034482758620689655,0.8571428571428571,2
30,0,Non-Travel,879,Research & Development,9,2,Medical,3,Female,72,3,2,Manufacturing Director,3,Single,4695,12858,7,1,18,3,3,0,10,3,3,8,4,1,7,426.8181818181818,7,3.0,0,0,0.5,0.7272727272727273,1
24,1,Travel_Rarely,813,Research & Development,1,3,Medical,2,Male,61,3,1,Research Scientist,4,Married,2293,3020,2,1,16,3,1,1,6,2,2,2,0,2,0,327.57142857142856,0,2.3333333333333335,1,0,0.25,0.2857142857142857,0
31,0,Travel_Rarely,408,Research & Development,9,4,Life Sciences,3,Male,42,2,1,Research Scientist,2,Single,2657,7551,0,1,16,3,4,0,3,5,3,2,2,2,2,664.25,0,3.0,0,0,0.0,0.5,2
54,0,Travel_Rarely,1147,Sales,3,3,Marketing,4,Female,52,3,2,Sales Executive,1,Married,5940,17011,2,0,14,3,4,1,16,4,3,6,2,0,5,349.4117647058824,6,3.0,0,0,0.05263157894736842,0.35294117647058826,0
37,0,Travel_Rarely,228,Sales,6,4,Medical,3,Male,98,3,2,Sales Executive,4,Married,6502,22825,4,0,14,3,2,1,7,5,4,5,4,0,1,812.75,5,3.0,0,0,0.19047619047619047,0.625,0
35,0,Travel_Rarely,464,Research & Development,4,2,Other,3,Male,75,3,1,Laboratory Technician,4,Divorced,1951,10910,1,0,12,3,3,1,1,3,3,1,0,0,0,975.5,1,3.3333333333333335,0,0,0.05263157894736842,0.5,0
60,0,Travel_Rarely,370,Research & Development,1,4,Medical,3,Male,92,1,3,Healthcare Representative,4,Divorced,10883,20467,3,0,20,4,3,1,19,2,4,1,0,0,0,544.15,1,3.3333333333333335,0,0,0.06818181818181818,0.05,1
36,0,Travel_Rarely,917,Research & Development,6,4,Life Sciences,3,Male,60,1,1,Laboratory Technician,3,Divorced,2741,6865,1,0,14,3,3,1,7,4,3,7,7,1,7,342.625,6,3.0,0,0,0.05,0.875,1
39,0,Travel_Rarely,722,Sales,24,1,Marketing,2,Female,60,2,4,Sales Executive,4,Married,12031,8828,0,0,11,3,1,1,21,2,2,20,9,9,6,546.8636363636364,11,2.3333333333333335,0,0,0.0,0.9090909090909091,2
29,0,Travel_Rarely,153,Research & Development,15,2,Life Sciences,4,Female,49,2,2,Laboratory Technician,3,Single,4193,12682,0,1,12,3,4,0,10,3,3,9,5,0,8,381.1818181818182,9,3.6666666666666665,0,0,0.0,0.8181818181818182,2
27,0,Travel_Rarely,1115,Research & Development,3,4,Medical,1,Male,54,2,1,Research Scientist,4,Single,2045,15174,0,0,13,3,4,0,5,0,3,4,2,1,1,340.8333333333333,3,3.0,0,0,0.0,0.6666666666666666,2
38,0,Travel_Rarely,770,Sales,10,4,Marketing,3,Male,73,2,3,Sales Executive,3,Divorced,8740,5569,0,1,14,3,2,2,9,2,3,8,7,2,7,874.0,6,2.6666666666666665,0,0,0.0,0.8,1
42,0,Travel_Frequently,458,Research & Development,26,5,Medical,1,Female,60,3,3,Research Director,1,Married,13191,23281,3,1,17,3,3,0,20,6,3,1,0,0,0,628.1428571428571,1,1.6666666666666667,0,0,0.11538461538461539,0.047619047619047616,2
59,0,Travel_Rarely,1324,Research & Development,3,3,Medical,3,Female,81,4,1,Laboratory Technician,1,Married,2670,9964,4,1,20,4,1,3,12,3,2,1,0,0,0,205.3846153846154,1,1.6666666666666667,1,0,0.09302325581395349,0.07692307692307693,0
42,0,Travel_Rarely,469,Research & Development,2,2,Medical,4,Male,35,3,4,Manager,1,Married,17665,14399,0,0,17,3,4,1,23,3,3,22,6,13,7,736.0416666666666,9,3.0,0,0,0.0,0.9166666666666666,0
26,1,Travel_Rarely,1330,Research & Development,21,3,Medical,1,Male,37,3,1,Laboratory Technician,3,Divorced,2377,19373,1,0,20,4,3,1,1,0,2,1,1,0,0,1188.5,1,2.3333333333333335,0,0,0.1,0.5,1
41,0,Travel_Rarely,483,Research & Development,6,3,Medical,4,Male,95,2,2,Manufacturing Director,2,Single,6032,10110,6,1,15,3,4,0,8,3,3,5,4,1,2,670.2222222222222,4,3.3333333333333335,0,0,0.24,0.5555555555555556,2
35,0,Travel_Rarely,144,Research & Development,22,3,Life Sciences,4,Male,46,1,1,Laboratory Technician,3,Single,4230,19225,0,0,15,3,3,0,6,2,3,5,4,4,3,604.2857142857143,1,3.3333333333333335,0,0,0.0,0.7142857142857143,3
57,0,Travel_Rarely,593,Research & Development,1,4,Medical,4,Male,88,3,2,Healthcare Representative,3,Married,6755,2967,2,0,11,3,3,0,15,2,3,3,2,1,2,422.1875,2,3.3333333333333335,0,0,0.04878048780487805,0.1875,1
31,0,Travel_Rarely,1062,Research & Development,24,3,Medical,3,Female,96,2,2,Healthcare Representative,1,Single,6812,17198,1,0,19,3,2,0,10,2,3,10,9,1,8,619.2727272727273,9,2.0,0,0,0.06666666666666667,0.9090909090909091,3
59,0,Non-Travel,1420,Human Resources,2,4,Human Resources,3,Female,32,2,5,Manager,4,Married,18844,21922,9,0,21,4,4,1,30,3,3,3,2,2,2,607.8709677419355,1,3.6666666666666665,0,0,0.20930232558139536,0.0967741935483871,1
34,0,Travel_Rarely,943,Research & Development,9,3,Life Sciences,4,Male,86,3,3,Healthcare Representative,4,Divorced,8500,5494,0,0,11,3,4,1,10,0,2,9,7,1,6,772.7272727272727,8,4.0,0,0,0.0,0.8181818181818182,0
40,0,Travel_Rarely,905,Research & Development,19,2,Medical,3,Male,99,3,2,Laboratory Technician,4,Married,2741,16523,8,1,15,3,3,1,15,2,4,7,2,3,7,171.3125,4,3.3333333333333335,0,0,0.3333333333333333,0.4375,1
34,0,Travel_Frequently,618,Research & Development,3,1,Life Sciences,1,Male,45,3,2,Healthcare Representative,4,Single,7756,22266,0,0,17,3,3,0,7,1,2,6,2,0,4,969.5,6,2.6666666666666665,0,0,0.0,0.75,1
41,0,Travel_Frequently,840,Research & Development,9,3,Medical,1,Male,64,3,5,Research Director,3,Divorced,19419,3735,2,0,17,3,2,1,21,2,4,18,16,0,11,882.6818181818181,18,2.0,0,0,0.08,0.8181818181818182,0
35,1,Travel_Rarely,1204,Sales,4,3,Technical Degree,4,Male,86,3,3,Sales Executive,1,Single,9582,10333,0,1,22,4,1,0,9,2,3,8,7,4,7,958.2,4,2.0,0,1,0.0,0.8,1
35,0,Travel_Rarely,1315,Research & Development,22,3,Life Sciences,2,Female,71,4,3,Manager,2,Divorced,11996,19100,7,0,18,3,2,1,10,6,2,7,7,6,2,1090.5454545454545,1,2.0,0,0,0.3684210526315789,0.6363636363636364,1
35,0,Travel_Rarely,1219,Sales,18,3,Medical,3,Female,86,3,2,Sales Executive,3,Married,4601,6179,1,0,16,3,2,0,5,3,3,5,2,1,0,766.8333333333334,4,2.6666666666666665,0,0,0.05263157894736842,0.8333333333333334,2
25,0,Non-Travel,675,Research & Development,5,2,Life Sciences,2,Male,85,4,2,Healthcare Representative,1,Divorced,4000,18384,1,0,12,3,4,2,6,2,3,6,3,1,5,571.4285714285714,5,2.3333333333333335,0,0,0.1111111111111111,0.8571428571428571,0
49,0,Travel_Rarely,1495,Research & Development,5,4,Technical Degree,1,Male,96,3,2,Healthcare Representative,3,Married,6651,21534,2,0,14,3,2,1,20,0,2,3,2,1,2,316.7142857142857,2,2.0,0,0,0.06060606060606061,0.14285714285714285,0
36,0,Travel_Rarely,1266,Sales,10,4,Technical Degree,2,Female,63,2,2,Sales Executive,3,Married,5673,6060,1,1,13,3,1,1,10,4,3,10,9,1,7,515.7272727272727,9,2.0,0,0,0.05,0.9090909090909091,1
26,1,Travel_Rarely,471,Research & Development,24,3,Technical Degree,3,Male,66,1,1,Laboratory Technician,4,Single,2340,23213,1,1,18,3,2,0,1,3,1,1,0,0,0,1170.0,1,3.0,1,0,0.1,0.5,3
58,0,Travel_Rarely,682,Sales,10,4,Medical,4,Male,37,3,4,Sales Executive,3,Single,13872,24409,0,0,13,3,3,0,38,1,2,37,10,1,8,355.6923076923077,36,3.3333333333333335,0,0,0.0,0.9487179487179487,1
27,0,Travel_Frequently,1242,Sales,20,3,Life Sciences,4,Female,90,3,2,Sales Executive,3,Single,9981,12916,1,0,14,3,4,0,7,2,3,7,7,0,7,1247.625,7,3.6666666666666665,0,0,0.09090909090909091,0.875,2
42,0,Travel_Rarely,603,Research & Development,7,4,Medical,2,Female,78,4,2,Research Scientist,2,Married,2372,5628,6,1,16,3,4,0,18,2,3,1,0,0,0,124.84210526315789,1,2.6666666666666665,0,0,0.23076923076923078,0.05263157894736842,1
29,0,Travel_Rarely,1210,Sales,2,3,Medical,1,Male,78,2,2,Sales Executive,2,Married,6644,3687,2,0,19,3,2,2,10,2,3,0,0,0,0,604.0,0,1.6666666666666667,0,0,0.15384615384615385,0.0,1
27,0,Travel_Rarely,1055,Research & Development,2,4,Life Sciences,1,Female,47,3,2,Manufacturing Director,4,Married,4227,4658,0,0,18,3,2,1,4,2,3,3,2,2,2,845.4,1,2.3333333333333335,0,0,0.0,0.6,0
42,0,Travel_Rarely,1128,Research & Development,13,3,Medical,2,Male,95,4,2,Healthcare Representative,1,Married,5538,5696,5,0,18,3,3,2,10,2,2,0,0,0,0,503.45454545454544,0,2.0,0,0,0.19230769230769232,0.0,0
30,0,Travel_Rarely,413,Sales,7,1,Marketing,4,Male,57,3,1,Sales Representative,2,Single,2983,18398,0,0,14,3,1,0,4,3,3,3,2,1,2,596.6,2,2.3333333333333335,0,0,0.0,0.6,1
20,0,Travel_Rarely,959,Research & Development,1,3,Life Sciences,4,Female,83,2,1,Research Scientist,2,Single,2836,11757,1,0,13,3,4,0,1,0,4,1,0,0,0,1418.0,1,3.3333333333333335,0,0,0.25,0.5,2
32,0,Travel_Frequently,1005,Research & Development,2,2,Life Sciences,4,Male,79,3,1,Laboratory Technician,4,Single,3068,11864,0,0,13,3,3,0,8,2,2,7,7,3,6,340.8888888888889,4,3.6666666666666665,0,0,0.0,0.7777777777777778,1
21,1,Travel_Frequently,251,Research & Development,10,2,Life Sciences,1,Female,45,2,1,Laboratory Technician,3,Single,2625,25308,1,0,20,4,3,0,2,2,1,2,2,2,2,875.0,0,2.3333333333333335,0,0,0.2,0.6666666666666666,2
27,0,Travel_Frequently,793,Sales,2,1,Life Sciences,4,Male,43,1,2,Sales Executive,4,Single,5071,20392,3,0,20,4,2,0,8,3,3,6,2,0,0,563.4444444444445,6,3.3333333333333335,0,0,0.2727272727272727,0.6666666666666666,2
18,1,Travel_Frequently,1306,Sales,5,3,Marketing,2,Male,69,3,1,Sales Representative,2,Single,1878,8059,1,1,14,3,4,0,0,3,3,0,0,0,0,1878.0,0,2.6666666666666665,0,0,0.5,0.0,1
18,1,Travel_Rarely,230,Research & Development,3,3,Life Sciences,3,Male,54,3,1,Laboratory Technician,3,Single,1420,25233,1,0,13,3,3,0,0,2,3,0,0,0,0,1420.0,0,3.0,0,0,0.5,0.0,1
30,0,Travel_Rarely,1334,Sales,4,2,Medical,3,Female,63,2,2,Sales Executive,2,Divorced,5209,19760,1,1,12,3,2,3,11,4,2,11,8,2,7,434.0833333333333,9,2.3333333333333335,1,0,0.07142857142857142,0.9166666666666666,1
41,0,Travel_Rarely,548,Research & Development,9,4,Life Sciences,3,Male,94,3,1,Laboratory Technician,1,Divorced,2289,20520,1,0,20,4,2,2,5,2,3,5,3,0,4,381.5,5,2.0,0,0,0.04,0.8333333333333334,0
28,1,Travel_Frequently,1496,Sales,1,3,Technical Degree,1,Male,92,3,1,Sales Representative,3,Married,2909,15747,3,0,15,3,4,1,5,3,4,3,2,1,2,484.8333333333333,2,2.6666666666666665,0,0,0.25,0.5,0
30,0,Travel_Rarely,852,Research & Development,1,1,Life Sciences,4,Male,55,2,2,Laboratory Technician,4,Married,5126,15998,1,1,12,3,3,2,10,1,2,10,8,3,0,466.0,7,3.6666666666666665,1,0,0.07142857142857142,0.9090909090909091,1
21,1,Travel_Rarely,1334,Research & Development,10,3,Life Sciences,3,Female,36,2,1,Laboratory Technician,1,Single,1416,17258,1,0,13,3,1,0,1,6,2,1,0,1,0,708.0,0,1.6666666666666667,0,0,0.2,0.5,2
36,1,Travel_Rarely,660,Research & Development,15,3,Other,1,Male,81,3,2,Laboratory Technician,3,Divorced,4834,7858,7,0,14,3,2,1,9,3,2,1,0,0,0,483.4,1,2.0,0,0,0.35,0.1,0
32,0,Travel_Frequently,967,Sales,8,3,Marketing,2,Female,43,3,3,Sales Executive,4,Single,8998,15589,1,0,14,3,4,0,9,2,3,9,8,3,7,899.8,6,3.3333333333333335,0,0,0.0625,0.9,1
38,0,Travel_Frequently,1391,Research & Development,10,1,Medical,3,Male,66,3,1,Research Scientist,3,Married,2684,12127,0,0,17,3,2,1,3,0,2,2,1,0,2,671.0,2,2.6666666666666665,0,0,0.0,0.5,0
32,0,Travel_Rarely,801,Sales,1,4,Marketing,3,Female,48,3,3,Sales Executive,4,Married,10422,24032,1,0,19,3,3,2,14,3,3,14,10,5,7,694.8,9,3.3333333333333335,0,0,0.0625,0.9333333333333333,0
27,0,Travel_Frequently,1297,Research & Development,5,2,Life Sciences,4,Female,53,3,1,Laboratory Technician,4,Single,2379,19826,0,1,14,3,3,0,6,3,2,5,4,0,2,339.85714285714283,5,3.6666666666666665,1,0,0.0,0.7142857142857143,1
29,0,Travel_Rarely,144,Sales,10,1,Marketing,4,Female,39,2,2,Sales Executive,2,Divorced,8268,11866,1,1,14,3,1,2,7,2,3,7,7,1,7,1033.5,6,2.3333333333333335,0,0,0.07692307692307693,0.875,1
29,0,Travel_Rarely,1328,Research & Development,2,3,Life Sciences,3,Male,76,3,1,Research Scientist,2,Married,2703,4956,0,0,23,4,4,1,6,3,3,5,4,0,4,386.14285714285717,5,3.0,0,0,0.0,0.7142857142857143,0
33,0,Travel_Rarely,213,Research & Development,7,3,Medical,3,Male,49,3,3,Research Director,3,Married,11691,25995,0,0,11,3,4,0,14,3,4,13,9,3,7,779.4,10,3.3333333333333335,0,0,0.0,0.8666666666666667,1
50,0,Travel_Rarely,264,Sales,9,3,Marketing,3,Male,59,3,5,Manager,3,Married,19331,19519,4,1,16,3,3,1,27,2,3,1,0,0,0,690.3928571428571,1,3.0,0,0,0.11764705882352941,0.03571428571428571,0
32,0,Travel_Rarely,427,Research & Development,1,3,Medical,1,Male,33,3,2,Manufacturing Director,4,Married,6162,10877,1,1,22,4,2,1,9,3,3,9,8,7,8,616.2,2,2.3333333333333335,0,1,0.0625,0.9,0
36,0,Travel_Rarely,1383,Research & Development,10,3,Life Sciences,4,Male,90,3,3,Healthcare Representative,1,Married,8321,25949,7,1,13,3,4,1,15,1,3,12,8,5,7,520.0625,7,3.0,0,0,0.35,0.75,0
36,0,Travel_Rarely,1351,Research & Development,26,4,Life Sciences,1,Male,80,3,2,Healthcare Representative,3,Married,5347,7419,6,0,14,3,2,2,10,2,2,3,2,0,2,486.09090909090907,3,2.0,0,0,0.3,0.2727272727272727,1
38,0,Travel_Rarely,322,Sales,7,2,Medical,1,Female,44,4,2,Sales Executive,1,Divorced,5605,19191,1,1,24,4,3,1,8,3,3,8,0,7,7,622.7777777777778,1,1.6666666666666667,0,1,0.045454545454545456,0.8888888888888888,0
55,1,Travel_Rarely,267,Sales,13,4,Marketing,1,Male,85,4,4,Sales Executive,3,Single,13695,9277,6,1,17,3,3,0,24,2,2,19,7,3,8,547.8,16,2.3333333333333335,1,0,0.15384615384615385,0.76,1
30,0,Travel_Rarely,201,Research & Development,5,3,Technical Degree,4,Female,84,3,1,Research Scientist,1,Divorced,3204,10415,5,0,14,3,4,1,8,3,3,3,2,2,2,356.0,1,3.0,0,0,0.35714285714285715,0.3333333333333333,0
45,0,Non-Travel,1195,Research & Development,2,2,Medical,1,Male,65,2,4,Manager,4,Married,16792,20462,9,0,23,4,4,1,22,1,3,20,8,11,8,730.0869565217391,9,3.0,0,1,0.3103448275862069,0.8695652173913043,1
37,0,Travel_Rarely,1107,Research & Development,14,3,Life Sciences,4,Female,95,3,1,Laboratory Technician,1,Divorced,3034,26914,1,0,12,3,3,1,18,2,2,18,7,12,17,159.68421052631578,6,2.6666666666666665,0,0,0.047619047619047616,0.9473684210526315,0
51,0,Travel_Rarely,1302,Research & Development,2,3,Medical,4,Male,84,1,2,Manufacturing Director,2,Divorced,5482,16321,5,0,18,3,4,1,13,3,3,4,1,1,2,391.57142857142856,3,3.3333333333333335,0,0,0.14285714285714285,0.2857142857142857,1
30,0,Travel_Rarely,1329,Sales,29,4,Life Sciences,3,Male,61,3,2,Sales Executive,1,Divorced,4115,13192,8,0,19,3,3,3,8,3,3,4,3,0,3,457.22222222222223,4,2.3333333333333335,0,0,0.5714285714285714,0.4444444444444444,1
29,1,Travel_Rarely,121,Sales,27,3,Marketing,2,Female,35,3,3,Sales Executive,4,Married,7639,24525,1,0,22,4,4,3,10,3,2,10,4,1,9,694.4545454545455,9,3.3333333333333335,0,0,0.07692307692307693,0.9090909090909091,1
32,0,Travel_Rarely,499,Sales,2,1,Marketing,3,Male,36,3,2,Sales Executive,2,Married,4078,20497,0,1,13,3,1,3,4,3,2,3,2,1,2,815.6,2,2.0,1,0,0.0,0.6,0
39,0,Travel_Rarely,835,Research & Development,19,4,Other,4,Male,41,3,2,Research Scientist,4,Divorced,3902,5141,8,0,14,3,2,3,7,2,3,2,2,2,2,487.75,0,3.3333333333333335,0,0,0.34782608695652173,0.25,1
37,0,Travel_Rarely,1439,Research & Development,4,1,Life Sciences,3,Male,54,3,1,Research Scientist,3,Married,2996,5182,7,1,15,3,4,0,8,2,3,6,4,1,3,332.8888888888889,5,3.3333333333333335,0,0,0.3333333333333333,0.6666666666666666,1
36,0,Travel_Rarely,188,Research & Development,7,4,Other,2,Male,65,3,1,Research Scientist,4,Single,4678,23293,2,0,18,3,3,0,8,6,3,6,2,0,1,519.7777777777778,6,3.0,0,0,0.1,0.6666666666666666,1
38,0,Travel_Rarely,1333,Research & Development,1,3,Technical Degree,4,Female,80,3,3,Research Director,1,Married,13582,16292,1,0,13,3,2,1,15,3,3,15,12,5,11,848.875,10,2.3333333333333335,0,0,0.045454545454545456,0.9375,0
48,0,Travel_Rarely,1221,Sales,7,3,Marketing,3,Male,96,3,2,Sales Executive,1,Divorced,5486,24795,4,0,11,3,1,3,15,3,3,2,2,2,2,342.875,0,1.6666666666666667,0,0,0.125,0.125,0
26,0,Travel_Frequently,575,Research & Development,1,2,Life Sciences,1,Female,71,1,1,Laboratory Technician,4,Divorced,4364,5288,3,0,14,3,1,1,5,2,3,2,2,2,0,727.3333333333334,0,2.0,0,0,0.3,0.3333333333333333,1
33,0,Travel_Rarely,931,Research & Development,14,3,Medical,4,Female,72,3,1,Research Scientist,2,Married,2756,4673,1,0,13,3,4,1,8,5,3,8,7,1,6,306.22222222222223,7,3.3333333333333335,0,0,0.058823529411764705,0.8888888888888888,0
57,0,Travel_Rarely,334,Research & Development,24,2,Life Sciences,3,Male,83,4,3,Healthcare Representative,4,Divorced,9439,23402,3,1,16,3,2,1,12,2,1,5,3,1,4,726.0769230769231,4,3.0,1,0,0.07317073170731707,0.38461538461538464,1
38,0,Travel_Frequently,148,Research & Development,2,3,Medical,4,Female,42,2,1,Laboratory Technician,2,Single,2440,23826,1,0,22,4,2,0,4,3,3,4,3,3,3,488.0,1,2.6666666666666665,0,0,0.045454545454545456,0.8,2
42,0,Travel_Rarely,1147,Human Resources,10,3,Human Resources,3,Female,31,3,4,Manager,1,Married,16799,16616,0,0,14,3,3,1,21,5,3,20,7,0,9,763.5909090909091,20,2.3333333333333335,0,0,0.0,0.9090909090909091,0
36,0,Travel_Frequently,541,Sales,3,4,Medical,1,Male,48,2,3,Sales Executive,4,Married,9699,7246,4,0,11,3,1,1,16,2,3,13,9,1,12,570.5294117647059,12,2.0,0,0,0.2,0.7647058823529411,1
51,0,Travel_Frequently,237,Sales,9,3,Life Sciences,4,Male,83,3,5,Manager,2,Divorced,19847,19196,4,1,24,4,1,1,31,5,2,29,10,11,10,620.21875,18,2.3333333333333335,1,1,0.11428571428571428,0.90625,0
45,0,Travel_Frequently,1249,Research & Development,7,3,Life Sciences,1,Male,97,3,3,Laboratory Technician,1,Divorced,5210,20308,1,0,18,3,1,1,24,2,3,24,9,9,11,208.4,15,1.0,0,0,0.034482758620689655,0.96,0
40,0,Travel_Rarely,1322,Research & Development,2,4,Life Sciences,3,Male,52,2,1,Research Scientist,3,Single,2809,2725,2,0,14,3,4,0,8,2,3,2,2,2,2,312.1111111111111,0,3.3333333333333335,0,0,0.08333333333333333,0.2222222222222222,2
43,1,Travel_Rarely,1372,Sales,9,3,Marketing,1,Female,85,1,2,Sales Executive,3,Single,5346,9489,8,0,13,3,2,0,7,2,2,4,3,1,3,668.25,3,2.0,0,0,0.2962962962962963,0.5,2
35,0,Travel_Rarely,1142,Research & Development,23,4,Medical,3,Female,30,3,1,Laboratory Technician,1,Married,4014,16002,3,1,15,3,3,1,4,3,3,2,2,2,2,802.8,0,2.3333333333333335,0,0,0.15789473684210525,0.4,1
26,0,Travel_Rarely,583,Research & Development,4,2,Life Sciences,3,Male,53,3,1,Research Scientist,4,Single,2875,9973,1,1,20,4,2,0,8,2,2,8,5,2,2,319.44444444444446,6,3.0,1,0,0.1,0.8888888888888888,1
31,0,Travel_Frequently,163,Research & Development,24,1,Technical Degree,4,Female,30,3,2,Manufacturing Director,4,Single,5238,6670,2,0,20,4,4,0,9,3,2,5,4,1,4,523.8,4,4.0,0,0,0.13333333333333333,0.5,2
37,0,Travel_Rarely,161,Research & Development,10,3,Life Sciences,3,Female,42,4,3,Research Director,4,Married,13744,15471,1,1,25,4,1,1,16,2,3,16,11,6,8,808.4705882352941,10,2.6666666666666665,0,1,0.047619047619047616,0.9411764705882353,0
34,0,Travel_Rarely,507,Sales,15,2,Medical,3,Female,66,3,2,Sales Executive,1,Single,6125,23553,1,0,12,3,4,0,10,6,4,10,8,9,6,556.8181818181819,1,2.6666666666666665,0,0,0.05555555555555555,0.9090909090909091,1
53,0,Travel_Rarely,970,Research & Development,7,3,Life Sciences,3,Male,59,4,4,Research Director,3,Married,14814,13514,3,0,19,3,3,0,32,3,3,5,1,1,3,448.90909090909093,4,3.0,0,0,0.08108108108108109,0.15151515151515152,1
40,0,Travel_Rarely,611,Sales,7,4,Medical,2,Male,88,3,5,Manager,2,Single,19833,4349,1,0,14,3,2,0,21,3,2,21,8,12,8,901.5,9,2.0,0,0,0.041666666666666664,0.9545454545454546,1
47,1,Travel_Frequently,1093,Sales,9,3,Life Sciences,3,Male,82,1,4,Sales Executive,3,Married,12936,24164,7,0,11,3,3,0,25,3,1,23,5,14,10,497.53846153846155,9,3.0,0,0,0.22580645161290322,0.8846153846153846,2
30,0,Non-Travel,641,Sales,25,2,Technical Degree,4,Female,85,3,2,Sales Executive,3,Married,4736,6069,7,1,12,3,2,1,4,2,4,2,2,2,2,947.2,0,3.0,0,0,0.5,0.4,1
31,0,Travel_Rarely,154,Sales,7,4,Life Sciences,2,Male,41,2,1,Sales Representative,3,Married,2329,11737,3,0,15,3,2,0,13,2,4,7,7,5,2,166.35714285714286,2,2.3333333333333335,0,0,0.2,0.5,2
52,0,Travel_Rarely,621,Sales,3,4,Marketing,3,Male,31,2,4,Manager,1,Married,16856,10084,1,0,11,3,1,0,34,3,4,34,6,1,16,481.6,33,1.6666666666666667,0,0,0.027777777777777776,0.9714285714285714,2
26,0,Travel_Frequently,1479,Research & Development,1,3,Life Sciences,3,Female,84,3,2,Manufacturing Director,2,Divorced,6397,26767,1,0,20,4,1,1,6,6,1,6,5,1,4,913.8571428571429,5,2.0,0,0,0.1,0.8571428571428571,0
44,0,Travel_Frequently,602,Human Resources,1,5,Human Resources,1,Male,37,3,2,Human Resources,4,Married,5743,10503,4,1,11,3,3,0,14,3,3,10,7,0,2,382.8666666666667,10,2.6666666666666665,0,0,0.14285714285714285,0.6666666666666666,1
45,0,Travel_Rarely,930,Sales,9,3,Marketing,4,Male,74,3,3,Sales Executive,1,Divorced,10761,19239,4,1,12,3,3,1,18,2,3,5,4,0,2,566.3684210526316,5,2.6666666666666665,0,0,0.13793103448275862,0.2631578947368421,0
20,1,Travel_Rarely,1097,Research & Development,11,3,Medical,4,Female,98,2,1,Research Scientist,1,Single,2600,18275,1,1,15,3,1,0,1,2,3,1,0,0,0,1300.0,1,2.0,0,0,0.25,0.5,2
28,0,Travel_Rarely,440,Research & Development,21,3,Medical,3,Male,42,3,1,Research Scientist,4,Married,2713,6672,1,0,11,3,3,1,5,2,1,5,2,0,2,452.1666666666667,5,3.3333333333333335,0,0,0.08333333333333333,0.8333333333333334,1
39,0,Travel_Rarely,1498,Sales,21,4,Life Sciences,1,Male,44,2,2,Sales Executive,4,Married,6120,3567,3,1,12,3,4,2,8,2,4,5,4,1,4,680.0,4,3.0,0,0,0.13043478260869565,0.5555555555555556,2
37,0,Travel_Rarely,671,Research & Development,19,3,Life Sciences,3,Male,85,3,2,Manufacturing Director,3,Married,5768,26493,3,0,17,3,1,3,9,2,2,4,3,0,2,576.8,4,2.3333333333333335,0,0,0.14285714285714285,0.4,1
31,0,Travel_Rarely,1112,Sales,5,4,Life Sciences,1,Female,67,3,2,Sales Executive,4,Married,5476,22589,1,0,11,3,1,2,10,2,3,10,0,0,2,497.8181818181818,10,2.0,0,0,0.06666666666666667,0.9090909090909091,0
34,0,Travel_Rarely,121,Research & Development,2,4,Medical,3,Female,86,2,1,Research Scientist,1,Single,4381,7530,1,0,11,3,3,0,6,3,3,6,5,1,3,625.8571428571429,5,2.3333333333333335,0,0,0.05555555555555555,0.8571428571428571,2
37,0,Travel_Rarely,446,Research & Development,1,4,Life Sciences,2,Female,65,3,2,Manufacturing Director,2,Married,6447,15701,6,0,12,3,2,1,8,2,2,6,5,4,3,716.3333333333334,2,2.0,0,0,0.2857142857142857,0.6666666666666666,0
28,0,Travel_Rarely,640,Research & Development,1,3,Technical Degree,4,Male,84,3,1,Research Scientist,1,Single,2080,4732,2,0,11,3,2,0,5,2,2,3,2,1,2,346.6666666666667,2,2.3333333333333335,0,0,0.16666666666666666,0.5,1
31,0,Travel_Rarely,691,Research & Development,5,4,Technical Degree,3,Male,86,3,1,Research Scientist,4,Married,4821,10077,0,1,12,3,3,1,6,4,3,5,2,0,3,688.7142857142857,5,3.3333333333333335,0,0,0.0,0.7142857142857143,0
50,0,Travel_Rarely,1322,Research & Development,28,3,Life Sciences,4,Female,43,3,4,Research Director,1,Married,16880,22422,4,1,11,3,2,0,25,2,3,3,2,1,2,649.2307692307693,2,2.3333333333333335,0,0,0.11764705882352941,0.11538461538461539,2
43,1,Travel_Frequently,807,Research & Development,17,3,Technical Degree,3,Male,38,2,1,Research Scientist,3,Married,2437,15587,9,1,16,3,4,1,6,4,3,1,0,0,0,348.14285714285717,1,3.3333333333333335,0,0,0.3333333333333333,0.14285714285714285,2
27,1,Travel_Rarely,1420,Sales,2,1,Marketing,3,Male,85,3,1,Sales Representative,1,Divorced,3041,16346,0,0,11,3,2,1,5,3,3,4,3,0,2,506.8333333333333,4,2.0,0,0,0.0,0.6666666666666666,0
45,0,Travel_Rarely,1268,Sales,4,2,Life Sciences,3,Female,30,3,2,Sales Executive,1,Divorced,5006,6319,4,1,11,3,1,1,9,3,4,5,4,0,3,500.6,5,1.6666666666666667,0,0,0.13793103448275862,0.5,0
54,0,Non-Travel,142,Human Resources,26,3,Human Resources,4,Female,30,4,4,Manager,4,Single,17328,13871,2,1,12,3,3,0,23,3,3,5,3,4,4,722.0,1,3.6666666666666665,0,0,0.05263157894736842,0.20833333333333334,2
35,0,Travel_Rarely,1490,Research & Development,11,4,Medical,4,Male,43,3,1,Laboratory Technician,3,Married,2660,20232,7,1,11,3,3,1,5,3,3,2,2,2,2,443.3333333333333,0,3.3333333333333335,0,0,0.3684210526315789,0.3333333333333333,0
30,0,Travel_Rarely,231,Sales,8,2,Other,3,Male,62,3,3,Sales Executive,3,Divorced,7264,9977,5,0,11,3,1,1,10,2,4,8,4,7,7,660.3636363636364,1,2.3333333333333335,0,0,0.35714285714285715,0.7272727272727273,0
22,0,Non-Travel,457,Research & Development,26,2,Other,2,Female,85,2,1,Research Scientist,3,Married,2814,10293,1,1,14,3,2,0,4,2,2,4,2,1,3,562.8,3,2.3333333333333335,1,0,0.16666666666666666,0.8,3
55,0,Travel_Rarely,189,Human Resources,26,4,Human Resources,3,Male,71,4,5,Manager,2,Married,19636,25811,4,1,18,3,1,1,35,0,3,10,9,1,4,545.4444444444445,9,2.0,0,0,0.10256410256410256,0.2777777777777778,1
54,0,Travel_Rarely,431,Research & Development,7,4,Medical,4,Female,68,3,2,Research Scientist,4,Married,6854,15696,4,0,15,3,2,1,14,2,2,7,1,1,7,456.93333333333334,6,3.3333333333333335,0,0,0.10526315789473684,0.4666666666666667,0
31,0,Non-Travel,979,Research & Development,1,4,Medical,3,Male,90,1,2,Manufacturing Director,3,Married,4345,4381,0,0,12,3,4,1,6,2,3,5,4,1,4,620.7142857142857,4,3.3333333333333335,0,0,0.0,0.7142857142857143,1
20,1,Travel_Rarely,500,Sales,2,3,Medical,3,Female,49,2,1,Sales Representative,3,Single,2044,22052,1,0,13,3,4,0,2,3,2,2,2,0,2,681.3333333333334,2,3.3333333333333335,0,0,0.25,0.6666666666666666,2
49,0,Travel_Frequently,279,Research & Development,8,1,Life Sciences,3,Male,61,2,2,Research Scientist,2,Married,5130,24907,1,0,23,4,4,1,10,3,3,10,7,1,7,466.3636363636364,9,3.0,0,0,0.030303030303030304,0.9090909090909091,1
37,0,Non-Travel,1063,Research & Development,25,5,Medical,2,Female,72,3,2,Research Scientist,3,Married,4449,23866,3,1,15,3,1,2,15,2,3,13,11,10,7,278.0625,3,2.0,0,0,0.14285714285714285,0.8125,1
25,0,Travel_Rarely,977,Research & Development,2,1,Other,4,Male,57,3,1,Laboratory Technician,3,Divorced,3977,7298,6,1,19,3,3,1,7,2,2,2,2,0,2,497.125,2,3.3333333333333335,1,0,0.6666666666666666,0.25,0
29,0,Travel_Rarely,1370,Research & Development,3,1,Medical,2,Male,87,3,1,Laboratory Technician,1,Single,4723,16213,1,1,18,3,4,0,10,3,3,10,9,1,5,429.3636363636364,9,2.3333333333333335,0,0,0.07692307692307693,0.9090909090909091,1
28,0,Travel_Rarely,1172,Sales,3,3,Medical,2,Female,78,3,1,Sales Representative,2,Married,2856,3692,1,0,19,3,4,1,1,3,3,1,0,0,0,1428.0,1,2.6666666666666665,0,0,0.08333333333333333,0.5,0
41,0,Travel_Rarely,465,Research & Development,14,3,Life Sciences,1,Male,56,3,1,Research Scientist,3,Divorced,2451,4609,4,0,12,3,1,1,13,2,3,9,8,1,8,175.07142857142858,8,1.6666666666666667,0,0,0.16,0.6428571428571429,0
31,0,Non-Travel,1188,Sales,20,2,Marketing,4,Female,45,3,2,Sales Executive,3,Married,6932,24406,1,0,13,3,4,1,9,2,2,9,8,0,0,693.2,9,3.6666666666666665,0,0,0.06666666666666667,0.9,1
30,0,Travel_Rarely,1358,Sales,16,1,Life Sciences,4,Male,96,3,2,Sales Executive,3,Married,5301,2939,8,0,15,3,3,2,4,2,2,2,1,2,2,1060.2,0,3.3333333333333335,0,0,0.5714285714285714,0.4,1
36,0,Travel_Frequently,635,Research & Development,18,1,Medical,2,Female,73,3,1,Laboratory Technician,4,Single,2153,7703,1,0,13,3,1,0,8,2,3,8,1,1,7,239.22222222222223,7,2.3333333333333335,0,0,0.05,0.8888888888888888,2
54,0,Travel_Rarely,685,Research & Development,3,3,Life Sciences,4,Male,85,3,4,Research Director,4,Married,17779,23474,3,0,14,3,1,0,36,2,3,10,9,0,9,480.5135135135135,10,3.0,0,0,0.07894736842105263,0.2702702702702703,1
38,0,Travel_Rarely,130,Sales,2,2,Marketing,4,Male,32,3,3,Sales Executive,2,Single,7351,20619,7,0,16,3,3,0,10,2,3,1,0,0,0,668.2727272727273,1,3.0,0,0,0.3181818181818182,0.09090909090909091,1
38,0,Travel_Rarely,1261,Research & Development,2,4,Life Sciences,4,Male,88,3,2,Manufacturing Director,3,Married,6553,7259,9,0,14,3,2,0,14,3,3,1,0,0,0,436.8666666666667,1,3.0,0,0,0.4090909090909091,0.06666666666666667,1
38,0,Travel_Frequently,216,Research & Development,23,3,Life Sciences,4,Male,44,2,3,Manufacturing Director,3,Single,9526,8787,0,0,21,4,2,0,10,2,3,9,7,1,8,866.0,8,3.0,0,0,0.0,0.8181818181818182,3
28,0,Travel_Rarely,1179,Research & Development,19,4,Medical,4,Male,78,2,1,Laboratory Technician,1,Married,3196,12449,1,0,12,3,3,3,6,2,3,6,5,3,3,456.57142857142856,3,2.6666666666666665,0,0,0.08333333333333333,0.8571428571428571,2
34,0,Travel_Rarely,216,Sales,1,4,Marketing,2,Male,75,4,2,Sales Executive,4,Divorced,9725,12278,0,0,11,3,4,1,16,2,2,15,1,0,9,572.0588235294117,15,3.3333333333333335,0,0,0.0,0.8823529411764706,0
36,0,Non-Travel,845,Sales,1,5,Medical,4,Female,45,3,2,Sales Executive,4,Single,6653,15276,4,0,15,3,2,0,7,6,3,1,0,0,0,831.625,1,3.3333333333333335,0,0,0.2,0.125,1
29,1,Travel_Frequently,459,Research & Development,24,2,Life Sciences,4,Male,73,2,1,Research Scientist,4,Single,2439,14753,1,1,24,4,2,0,1,3,2,1,0,1,0,1219.5,0,3.3333333333333335,1,0,0.07692307692307693,0.5,3
54,0,Travel_Frequently,928,Research & Development,20,4,Life Sciences,4,Female,31,3,2,Research Scientist,3,Single,4869,16885,3,0,12,3,4,0,20,4,2,4,3,0,3,231.85714285714286,4,3.6666666666666665,0,0,0.07894736842105263,0.19047619047619047,2
36,0,Travel_Frequently,566,Research & Development,18,4,Life Sciences,3,Male,81,4,1,Laboratory Technician,4,Married,3688,7122,4,0,18,3,4,2,4,2,3,1,0,0,0,737.6,1,3.6666666666666665,0,0,0.2,0.2,1
36,0,Travel_Rarely,1120,Sales,11,4,Marketing,2,Female,100,2,2,Sales Executive,4,Married,6652,14369,4,0,13,3,1,1,8,2,2,6,3,0,0,739.1111111111111,6,2.3333333333333335,0,0,0.2,0.6666666666666666,1
32,0,Non-Travel,1200,Research & Development,1,4,Technical Degree,4,Male,62,3,2,Research Scientist,1,Married,4087,25174,4,0,14,3,2,1,9,3,2,6,5,1,2,408.7,5,2.3333333333333335,0,0,0.25,0.6,0
60,0,Travel_Rarely,1179,Sales,16,4,Marketing,1,Male,84,3,2,Sales Executive,1,Single,5405,11924,8,0,14,3,4,0,10,1,3,2,2,2,2,491.3636363636364,0,2.0,0,0,0.18181818181818182,0.18181818181818182,2
33,0,Travel_Rarely,867,Research & Development,8,4,Life Sciences,4,Male,90,4,1,Research Scientist,1,Married,3143,6076,6,0,19,3,2,1,14,1,3,10,8,7,6,209.53333333333333,3,2.3333333333333335,0,0,0.35294117647058826,0.6666666666666666,0
38,0,Travel_Frequently,1189,Research & Development,1,3,Life Sciences,4,Male,90,3,2,Research Scientist,4,Married,4735,9867,7,0,15,3,4,2,19,4,4,13,11,2,9,236.75,11,4.0,0,0,0.3181818181818182,0.65,0
29,0,Travel_Rarely,942,Research & Development,15,1,Life Sciences,2,Female,69,1,1,Research Scientist,4,Married,2168,26933,0,1,18,3,1,1,6,2,2,5,4,1,3,309.7142857142857,4,2.3333333333333335,1,0,0.0,0.7142857142857143,1
53,0,Travel_Rarely,238,Sales,1,1,Medical,4,Female,34,3,2,Sales Executive,1,Single,8381,7507,7,0,20,4,4,0,18,2,4,14,7,8,10,441.10526315789474,6,3.0,0,1,0.1891891891891892,0.7368421052631579,1
55,0,Travel_Rarely,147,Research & Development,20,2,Technical Degree,2,Male,37,3,2,Laboratory Technician,4,Married,5415,15972,3,1,19,3,4,1,12,4,3,10,7,0,8,416.53846153846155,10,3.3333333333333335,0,0,0.07692307692307693,0.7692307692307693,1
50,0,Travel_Rarely,1046,Research & Development,10,3,Technical Degree,4,Male,100,2,3,Healthcare Representative,4,Single,10496,2755,6,0,15,3,4,0,20,2,3,4,3,1,3,499.8095238095238,3,4.0,0,0,0.17647058823529413,0.19047619047619047,2
35,0,Travel_Rarely,1229,Research & Development,8,1,Life Sciences,4,Male,36,4,1,Laboratory Technician,4,Married,2269,4892,1,0,19,3,4,0,1,2,3,1,0,0,1,1134.5,1,4.0,0,0,0.05263157894736842,0.5,1
46,1,Travel_Rarely,1254,Sales,10,3,Life Sciences,3,Female,64,3,3,Sales Executive,2,Married,7314,14011,5,0,21,4,3,3,14,2,3,8,7,0,7,487.6,8,2.6666666666666665,0,0,0.16666666666666666,0.5333333333333333,0
23,1,Travel_Rarely,1320,Research & Development,8,1,Medical,4,Male,93,2,1,Laboratory Technician,3,Single,3989,20586,1,1,11,3,1,0,5,2,3,5,4,1,2,664.8333333333334,4,2.6666666666666665,0,0,0.14285714285714285,0.8333333333333334,2
54,0,Travel_Rarely,1217,Research & Development,2,4,Technical Degree,1,Female,60,3,3,Research Director,3,Married,13549,24001,9,0,12,3,1,1,16,5,1,4,3,0,3,797.0,4,1.6666666666666667,0,0,0.23684210526315788,0.23529411764705882,0
25,1,Travel_Rarely,867,Sales,19,2,Marketing,3,Male,36,2,1,Sales Representative,2,Married,2413,18798,1,1,18,3,3,3,1,2,3,1,0,0,0,1206.5,1,2.6666666666666665,0,0,0.1111111111111111,0.5,2
28,0,Travel_Rarely,1158,Research & Development,9,3,Medical,4,Male,94,3,1,Research Scientist,4,Married,2070,2613,1,0,23,4,4,1,5,3,2,5,2,0,4,345.0,5,4.0,0,0,0.08333333333333333,0.8333333333333334,0
56,0,Travel_Rarely,1400,Research & Development,7,3,Life Sciences,4,Male,49,1,3,Manufacturing Director,4,Single,7260,21698,4,0,11,3,1,0,37,3,2,6,4,0,2,191.05263157894737,6,3.0,0,0,0.1,0.15789473684210525,2
44,1,Travel_Rarely,1097,Research & Development,10,4,Life Sciences,3,Male,96,3,1,Research Scientist,3,Single,2936,10826,1,1,11,3,3,0,6,4,3,6,4,0,2,419.42857142857144,6,3.0,0,0,0.03571428571428571,0.8571428571428571,1
45,0,Travel_Frequently,1199,Research & Development,7,4,Life Sciences,1,Male,77,4,2,Manufacturing Director,3,Married,6434,5118,4,0,17,3,4,1,9,1,3,3,2,0,2,643.4,3,2.6666666666666665,0,0,0.13793103448275862,0.3,0
38,0,Non-Travel,152,Sales,10,3,Technical Degree,3,Female,85,3,2,Sales Executive,4,Single,5666,19899,1,1,13,3,2,0,6,1,3,5,3,1,3,809.4285714285714,4,3.0,0,0,0.045454545454545456,0.7142857142857143,1
48,0,Travel_Rarely,1108,Research & Development,15,4,Other,3,Female,65,3,1,Research Scientist,1,Married,2367,16530,8,0,12,3,4,1,10,3,2,8,2,7,6,215.1818181818182,1,2.6666666666666665,0,0,0.25,0.7272727272727273,0
33,0,Travel_Rarely,1216,Sales,8,4,Marketing,3,Male,39,3,2,Sales Executive,3,Divorced,7104,20431,0,0,12,3,4,0,6,3,3,5,0,1,2,1014.8571428571429,4,3.3333333333333335,0,0,0.0,0.7142857142857143,1
40,0,Travel_Frequently,580,Sales,5,4,Life Sciences,4,Male,48,2,3,Sales Executive,1,Married,10475,23772,5,1,21,4,3,1,20,2,3,18,13,1,12,498.8095238095238,17,2.6666666666666665,0,0,0.20833333333333334,0.8571428571428571,1
38,1,Travel_Rarely,1180,Research & Development,29,1,Medical,2,Male,70,3,2,Healthcare Representative,1,Married,6673,11354,7,1,19,3,2,0,17,2,3,1,0,0,0,370.72222222222223,1,1.6666666666666667,0,0,0.3181818181818182,0.05555555555555555,2
41,0,Travel_Rarely,930,Sales,3,3,Life Sciences,3,Male,57,2,2,Sales Executive,2,Divorced,8938,12227,2,0,11,3,3,1,14,5,3,5,4,0,4,595.8666666666667,5,2.6666666666666665,0,0,0.08,0.3333333333333333,1
39,0,Travel_Rarely,170,Research & Development,3,2,Medical,3,Male,76,2,2,Laboratory Technician,3,Divorced,3069,10302,0,0,15,3,4,1,11,3,3,10,8,0,7,255.75,10,3.3333333333333335,0,0,0.0,0.8333333333333334,1
41,0,Non-Travel,256,Sales,10,2,Medical,3,Male,40,1,2,Sales Executive,2,Single,6151,22074,1,0,13,3,1,0,19,4,3,19,2,11,9,307.55,8,2.0,0,0,0.04,0.95,2
33,0,Non-Travel,722,Sales,17,3,Life Sciences,4,Male,38,3,4,Manager,3,Single,17444,20489,1,0,11,3,4,0,10,2,3,10,8,6,0,1585.8181818181818,4,3.6666666666666665,0,0,0.058823529411764705,0.9090909090909091,2
24,1,Travel_Frequently,1287,Research & Development,7,3,Life Sciences,1,Female,55,3,1,Laboratory Technician,3,Married,2886,14168,1,1,16,3,4,1,6,4,3,6,3,1,2,412.2857142857143,5,2.6666666666666665,0,0,0.125,0.8571428571428571,0
38,0,Travel_Rarely,168,Research & Development,1,3,Life Sciences,3,Female,81,3,3,Manufacturing Director,3,Single,7861,15397,4,1,14,3,4,0,10,4,4,1,0,0,0,714.6363636363636,1,3.3333333333333335,0,0,0.18181818181818182,0.09090909090909091,1
36,0,Travel_Rarely,1278,Human Resources,8,3,Life Sciences,1,Male,77,2,1,Human Resources,1,Married,2342,8635,0,0,21,4,3,0,6,3,3,5,4,0,3,334.57142857142856,5,1.6666666666666667,0,0,0.0,0.7142857142857143,2
29,0,Travel_Frequently,1413,Sales,1,1,Medical,2,Female,42,3,3,Sales Executive,4,Married,7918,6599,1,0,14,3,4,1,11,5,3,11,10,4,1,659.8333333333334,7,3.3333333333333335,0,0,0.07692307692307693,0.9166666666666666,0
33,0,Travel_Rarely,461,Research & Development,13,1,Life Sciences,2,Female,53,3,1,Research Scientist,4,Single,3452,17241,3,0,18,3,1,0,5,4,3,3,2,0,2,575.3333333333334,3,2.3333333333333335,0,0,0.17647058823529413,0.5,1
29,0,Travel_Rarely,986,Research & Development,3,4,Medical,2,Male,93,2,3,Research Director,3,Married,11935,21526,1,0,18,3,3,0,10,2,3,10,2,0,7,1085.0,10,2.6666666666666665,0,0,0.07692307692307693,0.9090909090909091,2
37,1,Travel_Rarely,807,Human Resources,6,4,Human Resources,3,Male,63,3,1,Human Resources,1,Divorced,2073,23648,4,1,22,4,4,0,7,3,3,3,2,0,2,259.125,3,2.6666666666666665,0,0,0.19047619047619047,0.375,1
38,0,Travel_Rarely,343,Research & Development,15,2,Life Sciences,3,Male,92,2,3,Research Director,4,Divorced,11510,15682,0,1,14,3,2,1,12,3,3,11,10,2,9,885.3846153846154,9,3.0,0,0,0.0,0.8461538461538461,1
45,0,Non-Travel,1238,Research & Development,1,1,Life Sciences,3,Male,74,2,3,Healthcare Representative,3,Married,10748,3395,3,0,23,4,4,1,25,3,2,23,15,14,4,413.38461538461536,9,3.3333333333333335,0,1,0.10344827586206896,0.8846153846153846,1
24,0,Non-Travel,1092,Research & Development,9,3,Life Sciences,3,Male,60,2,1,Laboratory Technician,2,Divorced,2694,26551,1,0,11,3,3,3,1,4,3,1,0,0,0,1347.0,1,2.6666666666666665,0,0,0.125,0.5,1
36,0,Travel_Rarely,938,Research & Development,2,4,Medical,3,Male,79,3,1,Laboratory Technician,3,Single,2519,12287,4,0,21,4,3,0,16,6,3,11,8,3,9,148.1764705882353,8,3.0,0,0,0.2,0.6470588235294118,1
24,0,Non-Travel,673,Research & Development,11,2,Other,1,Female,96,4,2,Manufacturing Director,3,Divorced,4011,8232,0,0,18,3,4,1,5,5,2,4,2,1,3,668.5,3,2.6666666666666665,0,0,0.0,0.6666666666666666,0
35,0,Travel_Rarely,607,Research & Development,9,3,Life Sciences,4,Female,66,2,3,Manufacturing Director,3,Married,10685,23457,1,1,20,4,2,1,17,2,3,17,14,5,15,593.6111111111111,12,3.0,0,1,0.05263157894736842,0.9444444444444444,1
52,0,Travel_Frequently,890,Research & Development,25,4,Medical,3,Female,81,2,4,Manufacturing Director,4,Married,13826,19028,3,0,22,4,3,0,31,3,3,9,8,0,0,432.0625,9,3.3333333333333335,0,0,0.08333333333333333,0.28125,3
54,0,Travel_Rarely,376,Research & Development,19,4,Medical,4,Female,95,3,2,Manufacturing Director,1,Divorced,5485,22670,9,1,11,3,2,2,9,4,3,5,3,1,4,548.5,4,2.3333333333333335,0,0,0.23684210526315788,0.5,1
45,0,Travel_Rarely,1339,Research & Development,7,3,Life Sciences,2,Male,59,3,3,Research Scientist,1,Divorced,9724,18787,2,0,17,3,3,1,25,2,3,1,0,0,0,374.0,1,2.0,0,0,0.06896551724137931,0.038461538461538464,0
39,0,Travel_Rarely,1387,Research & Development,10,5,Medical,2,Male,76,3,2,Manufacturing Director,1,Married,5377,3835,2,0,13,3,4,3,10,3,3,7,7,7,7,488.8181818181818,0,2.3333333333333335,0,0,0.08695652173913043,0.6363636363636364,0
45,0,Travel_Rarely,561,Sales,2,3,Other,4,Male,61,3,2,Sales Executive,2,Married,4805,16177,0,0,19,3,2,1,9,3,4,8,7,3,7,480.5,5,2.6666666666666665,0,0,0.0,0.8,0
35,1,Travel_Frequently,130,Research & Development,25,4,Life Sciences,4,Female,96,3,1,Research Scientist,2,Divorced,2022,16612,1,1,19,3,1,1,10,3,2,10,2,7,8,183.8181818181818,3,2.3333333333333335,1,0,0.05263157894736842,0.9090909090909091,1
39,0,Travel_Rarely,117,Research & Development,10,1,Medical,3,Male,99,3,4,Manager,1,Married,17068,5355,1,1,14,3,4,0,21,3,3,21,9,11,10,775.8181818181819,10,2.6666666666666665,0,0,0.043478260869565216,0.9545454545454546,1
34,0,Travel_Rarely,254,Research & Development,1,2,Life Sciences,2,Male,83,2,1,Research Scientist,4,Married,3622,22794,1,1,13,3,4,1,6,3,3,6,5,1,3,517.4285714285714,5,3.3333333333333335,0,0,0.05555555555555555,0.8571428571428571,1
45,0,Non-Travel,1052,Sales,6,3,Medical,4,Female,57,2,3,Sales Executive,4,Single,8865,16840,6,0,12,3,4,0,23,2,3,19,7,12,8,369.375,7,4.0,0,0,0.20689655172413793,0.7916666666666666,2
25,0,Travel_Rarely,309,Human Resources,2,3,Human Resources,3,Female,82,3,1,Human Resources,2,Married,2187,19655,4,0,14,3,3,0,6,3,3,2,0,1,2,312.42857142857144,1,2.6666666666666665,0,0,0.4444444444444444,0.2857142857142857,1
37,0,Non-Travel,728,Research & Development,1,4,Medical,1,Female,80,3,3,Research Director,4,Divorced,13603,11677,2,1,18,3,1,2,15,2,3,5,2,0,2,850.1875,5,2.0,0,0,0.09523809523809523,0.3125,0
22,1,Travel_Rarely,1294,Research & Development,8,1,Medical,3,Female,79,3,1,Laboratory Technician,1,Married,2398,15999,1,1,17,3,3,0,1,6,3,1,0,0,0,1199.0,1,2.3333333333333335,0,0,0.16666666666666666,0.5,1
45,0,Travel_Rarely,1015,Research & Development,5,5,Medical,3,Female,50,1,2,Laboratory Technician,1,Single,5769,23447,1,1,14,3,1,0,10,3,3,10,7,1,4,524.4545454545455,9,1.6666666666666667,0,0,0.034482758620689655,0.9090909090909091,2
42,0,Travel_Frequently,288,Research & Development,2,3,Life Sciences,4,Male,40,3,3,Healthcare Representative,4,Married,10124,18611,2,1,14,3,3,1,24,3,1,20,8,13,9,404.96,7,3.6666666666666665,1,0,0.07692307692307693,0.8,0
34,0,Travel_Rarely,629,Research & Development,27,2,Medical,4,Female,95,3,1,Research Scientist,2,Single,2311,5711,2,0,15,3,4,0,9,3,3,3,2,1,2,231.1,2,3.3333333333333335,0,0,0.1111111111111111,0.3,2
34,0,Travel_Rarely,167,Research & Development,8,5,Life Sciences,2,Female,32,3,2,Manufacturing Director,1,Divorced,5121,4187,3,0,14,3,3,1,7,3,3,0,0,0,0,640.125,0,2.0,0,0,0.16666666666666666,0.0,0
49,0,Travel_Rarely,809,Research & Development,1,3,Life Sciences,3,Male,36,3,4,Manager,3,Single,15379,22384,4,0,14,3,1,0,23,2,3,8,7,0,0,640.7916666666666,8,2.3333333333333335,0,0,0.12121212121212122,0.3333333333333333,1
36,0,Travel_Rarely,1223,Research & Development,8,3,Technical Degree,3,Female,59,3,3,Healthcare Representative,3,Divorced,10096,8202,1,0,13,3,2,3,17,2,3,17,14,12,8,560.8888888888889,5,2.6666666666666665,0,0,0.05,0.9444444444444444,0
29,0,Travel_Rarely,665,Research & Development,15,3,Life Sciences,3,Male,60,3,1,Research Scientist,4,Single,2340,22673,1,0,19,3,1,0,6,1,3,6,5,1,5,334.2857142857143,5,2.6666666666666665,0,0,0.07692307692307693,0.8571428571428571,1
27,0,Travel_Rarely,199,Research & Development,6,3,Life Sciences,4,Male,55,2,1,Research Scientist,3,Married,2539,7950,1,0,13,3,3,1,4,0,3,4,2,2,2,507.8,2,3.3333333333333335,0,0,0.09090909090909091,0.8,1
36,0,Travel_Frequently,1213,Human Resources,2,1,Human Resources,2,Male,94,2,2,Human Resources,4,Single,3886,4223,1,0,21,4,4,0,10,2,2,10,1,0,8,353.27272727272725,10,3.3333333333333335,0,0,0.05,0.9090909090909091,2
35,0,Travel_Rarely,660,Sales,7,1,Life Sciences,4,Male,76,3,1,Sales Representative,3,Married,2404,16192,1,0,13,3,1,1,1,3,3,1,0,0,0,1202.0,1,2.6666666666666665,0,0,0.05263157894736842,0.5,0
43,0,Travel_Frequently,313,Research & Development,21,3,Medical,4,Male,61,3,1,Laboratory Technician,4,Married,2258,15238,7,0,20,4,1,1,8,1,3,3,2,1,2,250.88888888888889,2,3.0,0,0,0.25925925925925924,0.3333333333333333,1
35,0,Travel_Rarely,992,Research & Development,1,3,Medical,4,Male,68,2,1,Laboratory Technician,1,Single,2450,21731,1,0,19,3,2,0,3,3,3,3,0,1,2,612.5,2,2.3333333333333335,0,0,0.05263157894736842,0.75,2
53,0,Travel_Frequently,124,Sales,2,3,Marketing,3,Female,38,2,3,Sales Executive,2,Married,7525,23537,2,0,12,3,1,1,30,2,3,15,7,6,12,242.74193548387098,9,2.0,0,0,0.05405405405405406,0.4838709677419355,1
31,0,Travel_Rarely,525,Sales,6,4,Medical,1,Male,66,4,2,Sales Executive,4,Divorced,5460,6219,4,0,22,4,4,2,13,4,4,7,7,5,7,390.0,2,3.0,0,1,0.26666666666666666,0.5,0
50,0,Travel_Frequently,333,Research & Development,22,5,Medical,3,Male,88,1,4,Research Director,4,Single,14411,24450,1,1,13,3,4,0,32,2,3,32,6,13,9,436.6969696969697,19,3.6666666666666665,0,0,0.029411764705882353,0.9696969696969697,3
25,0,Travel_Rarely,949,Research & Development,1,3,Technical Degree,1,Male,81,3,1,Laboratory Technician,4,Married,3229,4910,4,0,11,3,2,1,7,2,2,3,2,0,2,403.625,3,2.3333333333333335,0,0,0.4444444444444444,0.375,0
39,0,Travel_Rarely,613,Research & Development,6,1,Medical,4,Male,42,2,3,Healthcare Representative,1,Married,9991,21457,4,0,15,3,1,1,9,5,3,7,7,1,7,999.1,6,2.0,0,0,0.17391304347826086,0.7,1
34,0,Travel_Rarely,419,Research & Development,7,4,Life Sciences,1,Female,53,3,3,Research Director,2,Single,11994,21293,0,0,11,3,3,0,13,4,3,12,6,2,11,856.7142857142857,10,2.0,0,0,0.0,0.8571428571428571,1
35,0,Travel_Rarely,950,Research & Development,7,3,Other,3,Male,59,3,3,Manufacturing Director,3,Single,10221,18869,3,0,21,4,2,0,17,3,4,8,5,1,6,567.8333333333334,7,2.6666666666666665,0,0,0.15789473684210525,0.4444444444444444,1
20,0,Travel_Rarely,805,Research & Development,3,3,Life Sciences,1,Male,87,2,1,Laboratory Technician,3,Single,3033,12828,1,0,12,3,1,0,2,2,2,2,2,1,2,1011.0,1,1.6666666666666667,0,0,0.25,0.6666666666666666,2
27,0,Travel_Rarely,591,Research & Development,2,1,Medical,1,Male,40,3,1,Laboratory Technician,2,Married,3468,16632,9,0,12,3,4,1,6,3,3,2,2,2,2,495.42857142857144,0,2.3333333333333335,0,0,0.8181818181818182,0.2857142857142857,0
27,0,Travel_Rarely,1377,Sales,2,3,Life Sciences,4,Male,74,3,2,Sales Executive,3,Single,4478,5242,1,1,11,3,1,0,5,3,3,5,4,0,4,746.3333333333334,5,2.6666666666666665,0,0,0.09090909090909091,0.8333333333333334,1
52,0,Travel_Rarely,1053,Research & Development,1,2,Life Sciences,4,Male,70,3,4,Manager,4,Married,17099,13829,2,0,15,3,2,1,26,2,2,9,8,7,8,633.2962962962963,2,3.3333333333333335,0,0,0.05555555555555555,0.3333333333333333,0
32,0,Travel_Frequently,116,Research & Development,13,3,Other,3,Female,77,2,1,Laboratory Technician,2,Married,2743,7331,1,0,20,4,3,1,2,2,3,2,2,2,2,914.3333333333334,0,2.6666666666666665,0,0,0.0625,0.6666666666666666,1
50,0,Travel_Rarely,1099,Research & Development,29,4,Life Sciences,2,Male,88,2,4,Manager,3,Married,17046,9314,0,0,15,3,2,1,28,2,3,27,10,15,7,587.7931034482758,12,2.3333333333333335,0,0,0.0,0.9310344827586207,2
49,0,Travel_Frequently,636,Research & Development,10,4,Life Sciences,3,Female,35,3,5,Research Director,1,Single,18665,25594,9,1,11,3,4,0,22,4,3,3,2,1,2,811.5217391304348,2,2.6666666666666665,0,0,0.2727272727272727,0.13043478260869565,1
32,1,Travel_Rarely,374,Research & Development,25,4,Life Sciences,1,Male,87,3,1,Laboratory Technician,4,Single,2795,18016,1,1,24,4,3,0,1,2,1,1,0,0,1,1397.5,1,2.6666666666666665,1,0,0.0625,0.5,2
34,0,Travel_Frequently,135,Research & Development,19,3,Medical,3,Female,46,3,2,Laboratory Technician,2,Divorced,4444,22534,4,0,13,3,3,2,15,2,4,11,8,5,10,277.75,6,2.6666666666666665,0,0,0.2222222222222222,0.6875,1
36,0,Travel_Rarely,922,Research & Development,3,2,Life Sciences,1,Female,39,3,1,Laboratory Technician,4,Divorced,2835,2561,5,0,22,4,1,1,7,2,3,1,0,0,0,354.375,1,2.0,0,0,0.25,0.125,0
52,0,Travel_Rarely,994,Research & Development,7,4,Life Sciences,2,Male,87,3,3,Healthcare Representative,2,Single,10445,15322,7,0,19,3,4,0,18,4,3,8,6,4,0,549.7368421052631,4,2.6666666666666665,0,0,0.19444444444444445,0.42105263157894735,1
30,0,Travel_Rarely,1427,Research & Development,2,1,Medical,2,Male,35,2,1,Laboratory Technician,4,Single,2720,11162,0,0,13,3,4,0,6,3,3,5,3,1,2,388.57142857142856,4,3.3333333333333335,0,0,0.0,0.7142857142857143,2
58,0,Non-Travel,350,Sales,2,3,Medical,2,Male,52,3,4,Manager,2,Divorced,16291,22577,4,0,22,4,4,1,37,0,2,16,9,14,14,428.7105263157895,2,2.6666666666666665,0,1,0.09523809523809523,0.42105263157894735,0
42,0,Travel_Frequently,570,Research & Development,8,3,Life Sciences,2,Male,66,3,5,Manager,4,Divorced,18430,16225,1,0,13,3,2,1,24,4,2,24,7,14,9,737.2,10,2.6666666666666665,0,0,0.038461538461538464,0.96,0
49,0,Travel_Rarely,1313,Sales,11,4,Marketing,4,Female,80,3,2,Sales Executive,4,Single,4507,8191,3,0,12,3,3,0,8,1,4,5,1,0,4,500.77777777777777,5,3.6666666666666665,0,0,0.09090909090909091,0.5555555555555556,1
43,0,Travel_Rarely,415,Sales,25,3,Medical,3,Male,79,2,3,Sales Executive,4,Divorced,10798,5268,5,0,13,3,3,1,18,5,3,1,0,0,0,568.3157894736842,1,3.3333333333333335,0,0,0.18518518518518517,0.05263157894736842,2
40,0,Travel_Rarely,896,Research & Development,2,3,Medical,3,Male,68,3,1,Research Scientist,3,Divorced,2345,8045,2,0,14,3,3,1,8,3,4,3,1,1,2,260.55555555555554,2,3.0,0,0,0.08333333333333333,0.3333333333333333,0
55,0,Travel_Rarely,452,Research & Development,1,3,Medical,4,Male,81,3,5,Manager,1,Single,19045,18938,0,1,14,3,3,0,37,2,3,36,10,4,13,501.1842105263158,32,2.6666666666666665,0,0,0.0,0.9473684210526315,1
32,0,Travel_Frequently,1311,Research & Development,7,3,Life Sciences,2,Male,100,4,1,Laboratory Technician,2,Married,2794,26062,1,0,20,4,3,0,5,3,1,5,1,0,3,465.6666666666667,5,2.3333333333333335,0,0,0.0625,0.8333333333333334,1
55,0,Non-Travel,444,Research & Development,2,1,Medical,3,Male,40,2,4,Manager,1,Single,16756,17323,7,0,15,3,2,0,31,3,4,9,7,6,2,523.625,3,2.0,0,0,0.1794871794871795,0.28125,2
31,0,Travel_Rarely,192,Research & Development,2,4,Life Sciences,3,Male,32,3,1,Research Scientist,4,Divorced,2695,7747,0,1,18,3,2,1,3,2,1,2,2,2,2,673.75,0,3.0,1,0,0.0,0.5,0
43,0,Travel_Rarely,990,Research & Development,27,3,Technical Degree,4,Male,87,4,1,Laboratory Technician,2,Divorced,4876,5855,5,0,12,3,3,1,8,0,3,6,4,0,2,541.7777777777778,6,3.0,0,0,0.18518518518518517,0.6666666666666666,1
34,0,Travel_Rarely,404,Research & Development,2,4,Technical Degree,3,Female,98,3,2,Healthcare Representative,4,Single,6687,6163,1,0,11,3,4,0,14,2,4,14,11,4,11,445.8,10,3.6666666666666665,0,0,0.05555555555555555,0.9333333333333333,1
40,0,Travel_Rarely,804,Research & Development,2,1,Medical,4,Female,86,2,1,Research Scientist,4,Single,2342,22929,0,1,20,4,4,0,5,2,2,4,2,2,3,390.3333333333333,2,4.0,1,0,0.0,0.6666666666666666,2
42,0,Non-Travel,335,Research & Development,23,2,Life Sciences,4,Male,37,2,2,Research Scientist,3,Single,4332,14811,1,0,12,3,4,0,20,2,3,20,9,3,7,206.28571428571428,17,3.6666666666666665,0,0,0.038461538461538464,0.9523809523809523,3
28,0,Travel_Rarely,580,Research & Development,27,3,Medical,2,Female,39,1,2,Manufacturing Director,1,Divorced,4877,20460,0,0,21,4,2,1,6,5,2,5,3,0,0,696.7142857142857,5,1.6666666666666667,0,0,0.0,0.7142857142857143,2
40,0,Travel_Frequently,720,Research & Development,16,4,Medical,1,Male,51,2,2,Laboratory Technician,3,Single,5094,11983,6,0,14,3,4,0,10,6,3,1,0,0,0,463.09090909090907,1,2.6666666666666665,0,0,0.25,0.09090909090909091,3
35,0,Travel_Rarely,1343,Research & Development,27,1,Medical,3,Female,53,2,1,Research Scientist,1,Single,2559,17852,1,0,11,3,4,0,6,3,2,6,5,1,1,365.57142857142856,5,2.6666666666666665,0,0,0.05263157894736842,0.8571428571428571,3
32,1,Travel_Rarely,1089,Research & Development,7,2,Life Sciences,4,Male,79,3,2,Laboratory Technician,3,Married,4883,22845,1,0,18,3,1,1,10,3,3,10,4,1,1,443.90909090909093,9,2.6666666666666665,0,0,0.0625,0.9090909090909091,0
34,0,Travel_Rarely,1153,Research & Development,1,2,Medical,1,Male,94,3,2,Manufacturing Director,2,Married,4325,17736,1,0,15,3,3,0,5,2,3,5,2,1,3,720.8333333333334,4,2.0,0,0,0.05555555555555555,0.8333333333333334,1
35,1,Travel_Rarely,104,Research & Development,2,3,Life Sciences,1,Female,69,3,1,Laboratory Technician,1,Divorced,2074,26619,1,1,12,3,4,1,1,2,3,1,0,0,0,1037.0,1,2.0,0,0,0.05263157894736842,0.5,0
20,0,Travel_Rarely,1141,Sales,2,3,Medical,3,Female,31,3,1,Sales Representative,3,Single,2783,13251,1,0,19,3,1,0,2,3,3,2,2,2,2,927.6666666666666,0,2.3333333333333335,0,0,0.25,0.6666666666666666,1
52,0,Travel_Rarely,1490,Research & Development,4,2,Life Sciences,4,Female,30,3,4,Manager,4,Married,16555,10310,2,0,13,3,4,0,31,2,1,5,2,1,4,517.34375,4,4.0,0,0,0.05555555555555555,0.15625,1
49,0,Travel_Rarely,271,Research & Development,3,2,Medical,3,Female,43,2,2,Laboratory Technician,1,Married,4789,23070,4,0,25,4,1,1,10,3,3,3,2,1,2,435.3636363636364,2,1.6666666666666667,0,0,0.12121212121212122,0.2727272727272727,1
44,0,Non-Travel,981,Research & Development,5,3,Life Sciences,3,Male,90,2,1,Laboratory Technician,3,Single,3162,7973,3,0,14,3,4,0,7,5,3,5,2,0,3,395.25,5,3.3333333333333335,0,0,0.10714285714285714,0.625,2
36,0,Non-Travel,1229,Sales,8,4,Technical Degree,1,Male,84,3,2,Sales Executive,4,Divorced,5079,25952,4,0,13,3,4,2,12,3,3,7,7,0,7,390.6923076923077,7,3.0,0,0,0.2,0.5384615384615384,0
32,0,Travel_Rarely,634,Research & Development,5,4,Other,2,Female,35,4,1,Research Scientist,4,Married,3312,18783,3,0,17,3,4,2,6,3,3,3,2,0,2,473.14285714285717,3,3.3333333333333335,0,0,0.1875,0.42857142857142855,0
22,0,Travel_Rarely,581,Research & Development,1,2,Life Sciences,4,Male,63,3,1,Research Scientist,3,Single,3375,17624,0,0,12,3,4,0,4,2,4,3,2,1,2,675.0,2,3.6666666666666665,0,0,0.0,0.6,1
37,0,Travel_Rarely,367,Research & Development,25,2,Medical,3,Female,52,2,2,Healthcare Representative,4,Divorced,5731,17171,7,0,13,3,3,2,9,2,3,6,2,1,3,573.1,5,3.3333333333333335,0,0,0.3333333333333333,0.6,2
30,0,Non-Travel,1116,Research & Development,2,3,Medical,3,Female,49,3,1,Laboratory Technician,4,Single,2564,7181,0,0,14,3,3,0,12,2,2,11,7,6,7,197.23076923076923,5,3.3333333333333335,0,0,0.0,0.8461538461538461,1
33,0,Travel_Rarely,589,Research & Development,28,4,Life Sciences,2,Male,79,3,2,Laboratory Technician,3,Married,5207,22949,1,1,12,3,2,1,15,3,3,15,14,5,7,325.4375,10,2.3333333333333335,0,0,0.058823529411764705,0.9375,1
41,0,Travel_Rarely,337,Sales,8,3,Marketing,3,Female,54,3,2,Sales Executive,2,Married,4393,26841,5,0,21,4,3,1,14,3,3,5,4,1,4,292.8666666666667,4,2.6666666666666665,0,0,0.2,0.3333333333333333,0
41,0,Travel_Rarely,582,Research & Development,28,4,Life Sciences,1,Female,60,2,4,Manufacturing Director,2,Married,13570,5640,0,0,23,4,3,1,21,3,3,20,7,0,10,616.8181818181819,20,2.0,0,0,0.0,0.9090909090909091,2
29,0,Travel_Frequently,490,Research & Development,10,3,Life Sciences,4,Female,61,3,1,Research Scientist,2,Divorced,3291,17940,0,0,14,3,4,2,8,2,2,7,5,1,1,365.6666666666667,6,3.3333333333333335,0,0,0.0,0.7777777777777778,0
51,0,Travel_Rarely,1178,Sales,14,2,Life Sciences,3,Female,87,3,2,Sales Executive,4,Married,4936,14862,4,0,11,3,3,1,18,2,2,7,7,0,7,259.7894736842105,7,3.3333333333333335,0,0,0.11428571428571428,0.3684210526315789,0
53,1,Travel_Rarely,1168,Sales,24,4,Life Sciences,1,Male,66,3,3,Sales Executive,1,Single,10448,5843,6,1,13,3,2,0,15,2,2,2,2,2,2,653.0,0,1.3333333333333333,1,0,0.16216216216216217,0.125,2
43,0,Travel_Rarely,177,Research & Development,8,3,Life Sciences,1,Female,55,3,2,Manufacturing Director,2,Divorced,4765,23814,4,0,21,4,3,1,4,2,4,1,0,0,0,953.0,1,2.0,0,0,0.14814814814814814,0.2,0
29,1,Travel_Frequently,746,Sales,24,3,Technical Degree,3,Male,45,4,1,Sales Representative,1,Single,1091,10642,1,0,17,3,4,0,1,3,3,1,0,0,0,545.5,1,2.6666666666666665,0,0,0.07692307692307693,0.5,2
32,0,Travel_Frequently,430,Research & Development,24,4,Life Sciences,1,Male,80,3,2,Laboratory Technician,4,Married,5309,21146,1,0,15,3,4,2,10,2,3,10,8,4,7,482.6363636363636,6,3.0,0,0,0.0625,0.9090909090909091,1
28,1,Travel_Rarely,1434,Research & Development,5,4,Technical Degree,3,Male,50,3,1,Laboratory Technician,3,Single,3441,11179,1,1,13,3,3,0,2,3,2,2,2,2,2,1147.0,0,3.0,1,0,0.08333333333333333,0.6666666666666666,1
27,1,Travel_Rarely,135,Research & Development,17,4,Life Sciences,4,Female,51,3,1,Research Scientist,3,Single,2394,25681,1,1,13,3,4,0,8,2,3,8,2,7,7,266.0,1,3.6666666666666665,0,0,0.09090909090909091,0.8888888888888888,2
35,0,Travel_Frequently,944,Sales,1,3,Marketing,3,Female,92,3,3,Sales Executive,3,Single,8789,9096,1,0,14,3,1,0,10,3,4,10,7,0,8,799.0,10,2.3333333333333335,0,0,0.05263157894736842,0.9090909090909091,1
42,0,Travel_Rarely,932,Research & Development,1,2,Life Sciences,4,Female,43,2,2,Manufacturing Director,4,Married,6062,4051,9,1,13,3,4,1,8,4,3,4,3,0,2,673.5555555555555,4,4.0,0,0,0.34615384615384615,0.4444444444444444,1
34,0,Travel_Rarely,1354,Research & Development,5,3,Medical,3,Female,45,2,3,Manager,1,Single,11631,5615,2,0,12,3,4,0,14,6,3,11,10,5,8,775.4,6,2.6666666666666665,0,0,0.1111111111111111,0.7333333333333333,2
25,0,Travel_Rarely,141,Sales,3,1,Other,3,Male,98,3,2,Sales Executive,1,Married,4194,14363,1,1,18,3,4,0,5,3,3,5,3,0,3,699.0,5,2.6666666666666665,0,0,0.1111111111111111,0.8333333333333334,1
34,0,Travel_Rarely,1346,Research & Development,19,2,Medical,2,Male,93,3,1,Laboratory Technician,4,Divorced,2661,8758,0,0,11,3,3,1,3,2,3,2,2,1,2,665.25,1,3.0,0,0,0.0,0.5,1
27,0,Travel_Rarely,798,Research & Development,6,4,Medical,1,Female,66,2,1,Research Scientist,3,Divorced,2187,5013,0,0,12,3,3,2,6,5,2,5,3,0,3,312.42857142857144,5,2.3333333333333335,0,0,0.0,0.7142857142857143,1
34,1,Travel_Frequently,234,Research & Development,9,4,Life Sciences,4,Male,93,3,2,Laboratory Technician,1,Married,5346,6208,4,0,17,3,3,1,11,3,2,7,1,0,7,445.5,7,2.6666666666666665,0,0,0.2222222222222222,0.5833333333333334,0
33,1,Travel_Rarely,813,Research & Development,14,3,Medical,3,Male,58,3,1,Laboratory Technician,4,Married,2436,22149,5,1,13,3,3,1,8,2,1,5,4,0,4,270.6666666666667,5,3.3333333333333335,1,0,0.29411764705882354,0.5555555555555556,0
27,0,Travel_Rarely,1302,Research & Development,19,3,Other,4,Male,67,2,1,Laboratory Technician,1,Divorced,4066,16290,1,0,11,3,1,2,7,3,3,7,7,0,7,508.25,7,2.0,0,0,0.09090909090909091,0.875,2
35,0,Travel_Rarely,982,Research & Development,1,4,Medical,4,Male,58,2,1,Laboratory Technician,3,Married,2258,16340,6,0,12,3,2,1,10,2,3,8,0,1,7,205.27272727272728,7,3.0,0,0,0.3157894736842105,0.7272727272727273,1
35,0,Travel_Rarely,662,Sales,1,5,Marketing,3,Male,94,3,3,Sales Executive,2,Married,7295,11439,1,0,13,3,1,2,10,3,3,10,8,0,6,663.1818181818181,10,2.0,0,0,0.05263157894736842,0.9090909090909091,0
23,0,Travel_Rarely,977,Research & Development,10,3,Technical Degree,4,Male,45,4,1,Research Scientist,3,Married,2073,12826,2,0,16,3,4,1,4,2,3,2,2,2,2,414.6,0,3.6666666666666665,0,0,0.2857142857142857,0.4,0
45,0,Travel_Rarely,538,Research & Development,1,4,Technical Degree,1,Male,66,3,3,Healthcare Representative,2,Divorced,7441,20933,1,0,12,3,1,3,10,4,3,10,8,7,7,676.4545454545455,3,1.3333333333333333,0,0,0.034482758620689655,0.9090909090909091,0
31,1,Travel_Frequently,307,Research & Development,29,2,Medical,3,Male,71,2,1,Laboratory Technician,2,Single,3479,11652,0,0,11,3,2,0,6,2,4,5,4,1,4,497.0,4,2.3333333333333335,0,0,0.0,0.7142857142857143,3
47,0,Non-Travel,1162,Research & Development,1,1,Medical,3,Female,98,3,3,Research Director,2,Married,11957,17231,0,0,18,3,1,2,14,3,1,13,8,5,12,797.1333333333333,8,2.0,0,0,0.0,0.8666666666666667,0
46,0,Travel_Rarely,488,Sales,2,3,Technical Degree,3,Female,75,1,4,Manager,2,Married,16872,14977,3,1,12,3,2,1,28,2,2,7,7,7,7,581.7931034482758,0,2.3333333333333335,1,0,0.1,0.2413793103448276,1
42,0,Travel_Rarely,916,Research & Development,17,2,Life Sciences,4,Female,82,4,2,Research Scientist,1,Single,6545,23016,3,1,13,3,3,0,10,1,3,3,2,0,2,595.0,3,2.6666666666666665,0,0,0.11538461538461539,0.2727272727272727,2
35,1,Travel_Frequently,662,Sales,18,4,Marketing,4,Female,67,3,2,Sales Executive,3,Married,4614,23288,0,1,18,3,3,1,5,0,2,4,2,3,2,769.0,1,3.3333333333333335,1,0,0.0,0.6666666666666666,1
55,0,Travel_Rarely,1311,Research & Development,2,3,Life Sciences,3,Female,97,3,4,Manager,4,Single,16659,23258,2,1,13,3,3,0,30,2,3,5,4,1,2,537.3870967741935,4,3.3333333333333335,0,0,0.05128205128205128,0.16129032258064516,1
34,0,Travel_Frequently,648,Human Resources,11,3,Life Sciences,3,Male,56,2,2,Human Resources,2,Married,4490,21833,4,0,11,3,4,2,14,5,4,10,9,1,8,299.3333333333333,9,3.0,0,0,0.2222222222222222,0.6666666666666666,1
45,0,Travel_Rarely,193,Research & Development,6,4,Other,4,Male,52,3,3,Research Director,1,Married,13245,15067,4,1,14,3,2,0,17,3,4,0,0,0,0,735.8333333333334,0,2.3333333333333335,0,0,0.13793103448275862,0.0,1
32,0,Non-Travel,1146,Research & Development,15,4,Medical,3,Female,34,3,2,Healthcare Representative,4,Divorced,6667,16542,5,0,18,3,2,1,9,6,3,5,1,1,2,666.7,4,3.0,0,0,0.3125,0.5,0
51,0,Travel_Rarely,770,Human Resources,5,3,Life Sciences,3,Male,84,3,4,Manager,2,Divorced,14026,17588,1,1,11,3,2,1,33,2,3,33,9,0,10,412.52941176470586,33,2.3333333333333335,0,0,0.02857142857142857,0.9705882352941176,0
30,0,Non-Travel,1400,Research & Development,3,3,Life Sciences,3,Male,53,3,1,Laboratory Technician,4,Married,2097,16734,4,0,15,3,3,1,9,3,1,5,3,1,4,209.7,4,3.3333333333333335,0,0,0.2857142857142857,0.5,0
37,0,Non-Travel,1252,Sales,19,2,Medical,1,Male,32,3,3,Sales Executive,2,Single,7642,4814,1,1,13,3,4,0,10,2,3,10,0,0,9,694.7272727272727,10,2.3333333333333335,0,0,0.047619047619047616,0.9090909090909091,2
34,0,Travel_Frequently,1003,Research & Development,2,2,Life Sciences,4,Male,95,3,2,Manufacturing Director,3,Single,4033,15834,2,0,11,3,4,0,5,3,2,3,2,0,2,672.1666666666666,3,3.6666666666666665,0,0,0.1111111111111111,0.5,1
54,0,Travel_Rarely,157,Research & Development,10,3,Medical,3,Female,77,3,2,Manufacturing Director,1,Single,4440,25198,6,1,19,3,4,0,9,3,3,5,2,1,4,444.0,4,2.6666666666666665,0,0,0.15789473684210525,0.5,1
49,1,Travel_Frequently,1475,Research & Development,28,2,Life Sciences,1,Male,97,2,2,Laboratory Technician,1,Single,4284,22710,3,0,20,4,1,0,20,2,3,4,3,1,3,204.0,3,1.0,0,0,0.09090909090909091,0.19047619047619047,3
28,0,Travel_Frequently,773,Research & Development,6,3,Life Sciences,3,Male,39,2,1,Research Scientist,3,Divorced,2703,22088,1,1,14,3,4,1,3,2,3,3,1,0,2,675.75,3,3.3333333333333335,0,0,0.08333333333333333,0.75,1
38,0,Travel_Rarely,437,Sales,16,3,Life Sciences,2,Female,90,3,2,Sales Executive,2,Single,4198,16379,2,0,12,3,2,0,8,5,4,3,2,1,2,466.44444444444446,2,2.0,0,0,0.09090909090909091,0.3333333333333333,2
26,1,Travel_Rarely,1357,Research & Development,25,3,Life Sciences,1,Male,48,1,1,Laboratory Technician,3,Single,2293,10558,1,0,12,3,3,0,1,2,2,1,0,0,1,1146.5,1,2.3333333333333335,0,0,0.1,0.5,3
26,0,Non-Travel,786,Research & Development,7,3,Medical,4,Male,76,3,1,Laboratory Technician,4,Single,2570,11925,1,0,20,4,3,0,7,5,3,7,7,5,7,321.25,2,3.6666666666666665,0,1,0.1,0.875,1
31,1,Travel_Frequently,561,Research & Development,3,3,Life Sciences,4,Female,33,3,1,Research Scientist,3,Single,4084,4156,1,0,12,3,1,0,7,2,1,7,2,7,7,510.5,0,2.6666666666666665,0,0,0.06666666666666667,0.875,1
32,0,Travel_Rarely,495,Research & Development,10,3,Medical,3,Male,64,3,3,Manager,4,Single,11244,21072,2,0,25,4,2,0,10,5,4,5,2,0,0,1022.1818181818181,5,3.0,0,0,0.125,0.45454545454545453,1
40,0,Travel_Rarely,759,Sales,2,2,Marketing,4,Female,46,3,2,Sales Executive,2,Divorced,5715,22553,7,0,12,3,3,2,8,5,3,5,4,1,3,635.0,4,3.0,0,0,0.2916666666666667,0.5555555555555556,0
58,0,Travel_Rarely,848,Research & Development,23,4,Life Sciences,1,Male,88,3,1,Research Scientist,3,Divorced,2372,26076,1,0,12,3,4,2,2,3,3,2,2,2,2,790.6666666666666,0,2.6666666666666665,0,0,0.023809523809523808,0.6666666666666666,1
42,0,Travel_Rarely,810,Research & Development,23,5,Life Sciences,1,Female,44,3,4,Research Director,4,Single,15992,15901,2,0,14,3,2,0,16,2,3,1,0,0,0,940.7058823529412,1,2.3333333333333335,0,0,0.07692307692307693,0.058823529411764705,2
34,1,Travel_Rarely,1107,Human Resources,9,4,Technical Degree,1,Female,52,3,1,Human Resources,3,Married,2742,3072,1,0,15,3,4,0,2,0,3,2,2,2,2,914.0,0,2.6666666666666665,0,0,0.05555555555555555,0.6666666666666666,1
40,0,Travel_Rarely,630,Sales,4,4,Marketing,3,Male,67,2,3,Sales Executive,4,Married,10855,8552,7,0,11,3,1,1,15,2,2,12,11,2,11,678.4375,10,2.6666666666666665,0,0,0.2916666666666667,0.75,1
34,0,Travel_Rarely,511,Sales,3,2,Life Sciences,4,Female,32,1,2,Sales Executive,4,Single,6029,25353,5,0,12,3,1,0,6,3,3,2,2,2,2,861.2857142857143,0,3.0,0,0,0.2777777777777778,0.2857142857142857,2
28,0,Non-Travel,280,Human Resources,1,2,Life Sciences,3,Male,43,3,1,Human Resources,4,Divorced,2706,10494,1,0,15,3,2,1,3,2,3,3,2,2,2,676.5,1,3.0,0,0,0.08333333333333333,0.75,0
40,0,Travel_Frequently,530,Research & Development,1,4,Life Sciences,3,Male,78,2,4,Healthcare Representative,2,Married,13503,14115,1,0,22,4,4,1,22,3,2,22,3,11,11,587.0869565217391,11,3.0,0,1,0.041666666666666664,0.9565217391304348,1
32,0,Travel_Rarely,588,Sales,8,2,Technical Degree,3,Female,65,2,2,Sales Executive,2,Married,5228,24624,1,1,11,3,4,0,13,2,3,13,12,11,9,373.42857142857144,2,3.0,0,0,0.0625,0.9285714285714286,2
48,0,Travel_Rarely,1236,Research & Development,1,4,Life Sciences,4,Female,40,2,4,Manager,1,Married,15402,17997,7,0,11,3,1,1,21,3,1,3,2,0,2,700.0909090909091,3,2.0,0,0,0.21875,0.13636363636363635,1
36,0,Travel_Frequently,607,Sales,7,3,Marketing,1,Female,83,4,2,Sales Executive,1,Married,4639,2261,2,0,16,3,4,1,17,2,2,15,7,6,13,257.72222222222223,9,2.0,0,0,0.1,0.8333333333333334,0
42,0,Non-Travel,926,Research & Development,21,2,Medical,3,Female,36,3,2,Manufacturing Director,3,Divorced,5265,16439,2,0,16,3,2,1,11,5,3,5,3,0,2,438.75,5,2.6666666666666665,0,0,0.07692307692307693,0.4166666666666667,1
58,1,Travel_Frequently,781,Research & Development,2,1,Life Sciences,4,Male,57,2,1,Laboratory Technician,4,Divorced,2380,13384,9,1,14,3,4,1,3,3,2,1,0,0,0,595.0,1,4.0,1,0,0.21428571428571427,0.25,1
34,0,Non-Travel,1381,Sales,4,4,Marketing,3,Female,72,3,2,Sales Executive,3,Married,6538,12740,9,0,15,3,1,1,6,3,3,3,2,1,2,934.0,2,2.3333333333333335,0,0,0.5,0.42857142857142855,0
34,0,Travel_Rarely,1157,Research & Development,5,2,Medical,2,Male,57,2,2,Laboratory Technician,4,Married,3986,11912,1,0,14,3,3,1,15,3,4,15,10,4,13,249.125,11,3.0,0,0,0.05555555555555555,0.9375,1
41,0,Travel_Rarely,642,Research & Development,1,3,Life Sciences,4,Male,76,3,1,Research Scientist,4,Married,2782,21412,3,0,22,4,1,1,12,3,3,5,3,1,0,214.0,4,3.0,0,0,0.12,0.38461538461538464,0
35,0,Travel_Rarely,735,Research & Development,6,1,Life Sciences,3,Male,66,3,1,Research Scientist,3,Married,3506,6020,0,1,14,3,4,0,4,3,3,3,2,2,2,701.2,1,3.3333333333333335,0,0,0.0,0.6,1
30,0,Travel_Rarely,1275,Research & Development,28,2,Medical,4,Female,64,3,2,Research Scientist,4,Married,5775,11934,1,0,13,3,4,2,11,2,3,10,8,1,9,481.25,9,4.0,0,0,0.07142857142857142,0.8333333333333334,1
26,0,Travel_Rarely,652,Research & Development,7,3,Other,3,Male,100,4,1,Laboratory Technician,1,Single,3578,23577,0,0,12,3,4,0,8,2,3,7,7,0,7,397.55555555555554,7,2.6666666666666665,0,0,0.0,0.7777777777777778,1
29,0,Travel_Rarely,1107,Research & Development,28,4,Life Sciences,3,Female,93,3,1,Research Scientist,4,Divorced,2514,26968,4,0,22,4,1,1,11,1,3,7,5,1,7,209.5,6,2.6666666666666665,0,0,0.3076923076923077,0.5833333333333334,1
41,0,Travel_Rarely,509,Research & Development,7,2,Technical Degree,2,Female,43,4,1,Research Scientist,3,Married,3376,18863,1,0,13,3,3,0,10,3,3,10,6,0,8,306.90909090909093,10,2.6666666666666665,0,0,0.04,0.9090909090909091,1
55,0,Travel_Rarely,836,Research & Development,2,4,Technical Degree,2,Male,98,2,1,Research Scientist,4,Married,2662,7975,8,0,20,4,2,1,19,2,4,5,2,0,4,133.1,5,2.6666666666666665,0,0,0.20512820512820512,0.25,1
54,0,Travel_Rarely,821,Research & Development,5,2,Medical,1,Male,86,3,5,Research Director,1,Married,19406,8509,4,0,11,3,3,1,24,4,2,4,2,1,2,776.24,3,1.6666666666666667,0,0,0.10526315789473684,0.16,0
39,0,Travel_Rarely,466,Research & Development,1,1,Life Sciences,4,Female,65,2,4,Manufacturing Director,4,Married,12742,7060,1,0,16,3,3,1,21,3,3,21,6,11,8,579.1818181818181,10,3.6666666666666665,0,0,0.043478260869565216,0.9545454545454546,1
31,1,Travel_Frequently,523,Research & Development,2,3,Life Sciences,2,Male,94,3,1,Laboratory Technician,4,Married,3722,21081,6,1,13,3,3,1,7,2,1,2,2,2,2,465.25,0,3.0,1,0,0.4,0.25,0
44,0,Travel_Rarely,921,Research & Development,2,3,Life Sciences,3,Female,96,4,3,Healthcare Representative,4,Married,7879,14810,1,1,19,3,2,1,9,2,3,8,7,6,7,787.9,2,3.0,0,0,0.03571428571428571,0.8,0
36,1,Travel_Rarely,530,Sales,3,1,Life Sciences,3,Male,51,2,3,Sales Executive,4,Married,10325,5518,1,1,11,3,1,1,16,6,3,16,7,3,7,607.3529411764706,13,2.6666666666666665,0,0,0.05,0.9411764705882353,1
29,0,Travel_Rarely,1401,Research & Development,6,1,Medical,2,Female,54,3,1,Laboratory Technician,4,Married,3131,26342,1,0,13,3,1,1,10,5,3,10,8,0,8,284.6363636363636,10,2.3333333333333335,0,0,0.07692307692307693,0.9090909090909091,0
41,0,Travel_Rarely,802,Sales,9,1,Life Sciences,3,Male,96,3,3,Sales Executive,3,Divorced,8189,21196,3,1,13,3,3,1,12,2,3,9,7,0,7,629.9230769230769,9,3.0,0,0,0.12,0.6923076923076923,0
52,0,Travel_Rarely,956,Research & Development,6,2,Technical Degree,4,Male,78,3,2,Research Scientist,1,Divorced,5577,22087,3,1,12,3,2,2,18,3,3,10,9,6,9,293.5263157894737,4,2.3333333333333335,0,0,0.08333333333333333,0.5263157894736842,0
28,1,Travel_Rarely,103,Research & Development,24,3,Life Sciences,3,Male,50,2,1,Laboratory Technician,3,Single,2028,12947,5,1,14,3,2,0,6,4,3,4,2,0,3,289.7142857142857,4,2.6666666666666665,0,0,0.4166666666666667,0.5714285714285714,3
40,1,Travel_Rarely,676,Research & Development,9,4,Life Sciences,4,Male,86,3,1,Laboratory Technician,1,Single,2018,21831,3,0,14,3,2,0,15,3,1,5,4,1,0,126.125,4,2.3333333333333335,0,0,0.125,0.3125,1
59,0,Travel_Rarely,1435,Sales,25,3,Life Sciences,1,Female,99,3,3,Sales Executive,1,Single,7637,2354,7,0,11,3,4,0,28,3,2,21,16,7,9,263.3448275862069,14,2.0,0,0,0.16279069767441862,0.7241379310344828,2
45,0,Travel_Rarely,192,Research & Development,10,2,Life Sciences,1,Male,69,3,1,Research Scientist,4,Married,2654,9655,3,0,21,4,4,2,8,3,2,2,2,0,2,294.8888888888889,2,3.0,0,0,0.10344827586206896,0.2222222222222222,0
53,0,Travel_Rarely,1436,Sales,6,2,Marketing,2,Male,34,3,2,Sales Representative,3,Married,2306,16047,2,1,20,4,4,1,13,3,1,7,7,4,5,164.71428571428572,3,3.0,1,1,0.05405405405405406,0.5,0
46,1,Travel_Rarely,377,Sales,9,3,Marketing,1,Male,52,3,3,Sales Executive,4,Divorced,10096,15986,4,0,11,3,1,1,28,1,4,7,7,4,3,348.13793103448273,3,2.0,0,0,0.13333333333333333,0.2413793103448276,0
40,0,Travel_Rarely,1171,Research & Development,10,4,Life Sciences,4,Female,46,4,1,Laboratory Technician,3,Married,2213,22495,3,1,13,3,3,1,10,3,3,7,7,1,7,201.1818181818182,6,3.3333333333333335,0,0,0.125,0.6363636363636364,0
31,0,Travel_Rarely,182,Research & Development,8,5,Life Sciences,1,Female,93,3,4,Research Director,2,Single,16422,8847,3,0,11,3,3,0,9,3,4,3,2,1,0,1642.2,2,2.0,0,0,0.2,0.3,1
42,0,Travel_Frequently,555,Sales,26,3,Marketing,3,Female,77,3,4,Sales Executive,2,Married,13525,14864,5,0,14,3,4,1,23,2,4,20,4,4,8,563.5416666666666,16,3.0,0,0,0.19230769230769232,0.8333333333333334,1
60,0,Travel_Rarely,696,Sales,7,4,Marketing,2,Male,52,4,2,Sales Executive,4,Divorced,5220,10893,0,1,18,3,2,1,12,3,3,11,7,1,9,401.53846153846155,10,2.6666666666666665,0,0,0.0,0.8461538461538461,0
40,0,Travel_Rarely,1124,Sales,1,2,Medical,2,Male,57,1,2,Sales Executive,4,Married,7457,13273,2,1,22,4,3,3,6,2,2,4,3,0,2,1065.2857142857142,4,3.0,1,0,0.08333333333333333,0.5714285714285714,1
19,0,Travel_Rarely,1181,Research & Development,3,1,Medical,2,Female,79,3,1,Laboratory Technician,2,Single,1483,16102,1,0,14,3,4,0,1,3,3,1,0,0,0,741.5,1,2.6666666666666665,0,0,0.3333333333333333,0.5,1
26,0,Travel_Rarely,1349,Research & Development,23,3,Life Sciences,1,Female,90,3,1,Research Scientist,4,Divorced,2886,3032,1,0,22,4,2,2,3,3,1,3,2,0,2,721.5,3,2.3333333333333335,0,0,0.1,0.75,1
45,0,Non-Travel,805,Research & Development,4,2,Life Sciences,3,Male,57,3,2,Laboratory Technician,2,Married,4447,23163,1,0,12,3,2,0,9,5,2,9,7,0,8,444.7,9,2.3333333333333335,0,0,0.034482758620689655,0.9,1
50,0,Travel_Rarely,1207,Research & Development,28,1,Medical,4,Male,74,4,1,Laboratory Technician,3,Married,3221,3297,1,1,11,3,3,3,20,3,3,20,8,3,8,153.38095238095238,17,3.3333333333333335,0,0,0.029411764705882353,0.9523809523809523,1
29,1,Travel_Frequently,115,Sales,13,3,Technical Degree,1,Female,51,3,2,Sales Executive,2,Single,5765,17485,5,0,11,3,1,0,7,4,1,5,3,0,0,720.625,5,1.3333333333333333,0,0,0.38461538461538464,0.625,1
28,0,Travel_Rarely,1476,Research & Development,16,2,Medical,2,Male,68,4,2,Healthcare Representative,1,Single,5661,4824,0,0,19,3,3,0,9,2,3,8,3,0,7,566.1,8,2.0,0,0,0.0,0.8,2
40,0,Travel_Frequently,902,Research & Development,26,2,Medical,3,Female,92,2,2,Research Scientist,4,Married,4422,21203,3,1,13,3,4,1,16,3,1,1,1,0,0,260.11764705882354,1,3.6666666666666665,1,0,0.125,0.058823529411764705,2
32,0,Non-Travel,1184,Research & Development,1,3,Life Sciences,3,Female,70,2,1,Laboratory Technician,2,Married,2332,3974,6,0,20,4,3,0,5,3,3,3,0,0,2,388.6666666666667,3,2.6666666666666665,0,0,0.375,0.5,2
59,0,Travel_Rarely,1089,Sales,1,2,Technical Degree,2,Male,66,3,3,Manager,4,Married,11904,11038,3,1,14,3,3,1,14,1,1,6,4,0,4,793.6,6,3.0,1,0,0.06976744186046512,0.4,0
32,0,Travel_Rarely,1373,Research & Development,5,4,Life Sciences,4,Male,56,2,2,Manufacturing Director,4,Single,9679,10138,8,0,24,4,2,0,8,1,3,1,0,0,0,1075.4444444444443,1,3.3333333333333335,0,0,0.5,0.1111111111111111,2
40,0,Travel_Rarely,300,Sales,26,3,Marketing,3,Male,74,3,2,Sales Executive,1,Married,8396,22217,1,0,14,3,2,1,8,3,2,7,7,7,5,932.8888888888889,0,2.0,0,0,0.041666666666666664,0.7777777777777778,1
33,0,Non-Travel,775,Research & Development,4,3,Technical Degree,4,Male,90,3,2,Research Scientist,2,Divorced,3055,6194,5,0,15,3,4,2,11,2,2,9,8,1,7,254.58333333333334,8,3.3333333333333335,0,0,0.29411764705882354,0.75,0
36,0,Non-Travel,635,Sales,10,4,Medical,2,Male,32,3,3,Sales Executive,4,Single,9980,15318,1,0,14,3,4,0,10,3,2,10,3,9,7,907.2727272727273,1,3.3333333333333335,0,0,0.05,0.9090909090909091,1
19,0,Travel_Rarely,645,Research & Development,9,2,Life Sciences,3,Male,54,3,1,Research Scientist,1,Single,2552,7172,1,0,25,4,3,0,1,4,3,1,1,0,0,1276.0,1,2.3333333333333335,0,0,0.3333333333333333,0.5,1
37,0,Travel_Rarely,1470,Research & Development,10,3,Medical,2,Female,71,3,1,Research Scientist,2,Married,3936,9953,1,0,11,3,1,1,8,2,1,8,4,7,7,437.3333333333333,1,1.6666666666666667,0,0,0.047619047619047616,0.8888888888888888,0
39,0,Travel_Rarely,412,Research & Development,13,4,Medical,3,Female,94,2,4,Manager,2,Divorced,17123,17334,6,1,13,3,4,2,21,4,3,19,9,15,2,778.3181818181819,4,3.0,0,0,0.2608695652173913,0.8636363636363636,1
33,0,Travel_Frequently,553,Research & Development,5,4,Life Sciences,4,Female,74,3,3,Manager,2,Married,11878,23364,6,0,11,3,2,2,12,2,3,10,6,8,8,913.6923076923077,2,2.6666666666666665,0,0,0.35294117647058826,0.7692307692307693,0
30,0,Travel_Rarely,855,Sales,7,4,Marketing,4,Female,73,3,2,Sales Executive,1,Divorced,4779,12761,7,0,14,3,2,2,8,3,3,3,2,0,2,531.0,3,2.3333333333333335,0,0,0.5,0.3333333333333333,0
31,1,Travel_Rarely,202,Research & Development,8,3,Life Sciences,1,Female,34,2,1,Research Scientist,2,Single,1261,22262,1,0,12,3,3,0,1,3,4,1,0,0,0,630.5,1,2.0,0,0,0.06666666666666667,0.5,2
26,0,Travel_Frequently,921,Research & Development,1,1,Medical,1,Female,66,2,1,Research Scientist,3,Divorced,2007,25265,1,0,13,3,3,2,5,5,3,5,3,1,3,334.5,4,2.3333333333333335,0,0,0.1,0.8333333333333334,1
40,0,Travel_Rarely,1194,Research & Development,2,4,Medical,3,Female,98,3,1,Research Scientist,3,Married,2001,12549,2,0,14,3,2,3,20,2,3,5,3,0,2,95.28571428571429,5,2.6666666666666665,0,0,0.08333333333333333,0.23809523809523808,0
36,0,Travel_Rarely,711,Research & Development,5,4,Life Sciences,2,Female,42,3,3,Healthcare Representative,1,Married,8008,22792,4,0,12,3,3,2,9,6,3,3,2,0,2,800.8,3,2.0,0,0,0.2,0.3,0
25,0,Travel_Rarely,1356,Sales,10,4,Life Sciences,3,Male,57,3,2,Sales Executive,4,Single,4950,20623,0,0,14,3,2,0,5,4,3,4,3,1,1,825.0,3,3.0,0,0,0.0,0.6666666666666666,1
33,0,Travel_Frequently,1141,Sales,1,3,Life Sciences,3,Female,42,4,2,Sales Executive,1,Married,5376,3193,2,0,19,3,1,2,10,3,3,5,3,1,3,488.72727272727275,4,1.6666666666666667,0,0,0.11764705882352941,0.45454545454545453,0
43,0,Travel_Rarely,1291,Research & Development,15,2,Life Sciences,3,Male,65,2,4,Research Director,3,Married,17603,3525,1,0,24,4,1,1,14,3,3,14,10,6,11,1173.5333333333333,8,2.3333333333333335,0,1,0.037037037037037035,0.9333333333333333,1
40,0,Travel_Frequently,593,Research & Development,9,4,Medical,2,Female,88,3,3,Research Director,3,Single,13499,13782,9,0,17,3,3,0,20,3,2,18,7,2,13,642.8095238095239,16,2.6666666666666665,0,0,0.375,0.8571428571428571,1
45,0,Non-Travel,336,Sales,26,3,Marketing,1,Male,52,2,2,Sales Executive,1,Married,4385,24162,1,0,15,3,1,1,10,2,3,10,7,4,5,398.6363636363636,6,1.0,0,0,0.034482758620689655,0.9090909090909091,2
32,1,Non-Travel,1474,Sales,11,4,Other,4,Male,60,4,2,Sales Executive,3,Married,4707,23914,8,0,12,3,4,0,6,2,3,4,2,1,2,672.4285714285714,3,3.6666666666666665,0,0,0.5,0.5714285714285714,1
29,0,Travel_Rarely,1246,Sales,19,3,Life Sciences,3,Male,77,2,2,Sales Executive,3,Divorced,8620,23757,1,0,14,3,3,2,10,3,3,10,7,0,4,783.6363636363636,10,3.0,0,0,0.07692307692307693,0.9090909090909091,2
38,0,Travel_Frequently,1444,Human Resources,1,4,Other,4,Male,88,3,1,Human Resources,2,Married,2991,5224,0,1,11,3,2,1,7,2,3,6,2,1,2,373.875,5,2.6666666666666665,0,0,0.0,0.75,0
24,1,Travel_Rarely,984,Research & Development,17,2,Life Sciences,4,Female,97,3,1,Laboratory Technician,2,Married,2210,3372,1,0,13,3,1,1,1,3,1,1,0,0,0,1105.0,1,2.3333333333333335,0,0,0.125,0.5,1
25,1,Travel_Rarely,240,Sales,5,3,Marketing,3,Male,46,2,2,Sales Executive,3,Single,5744,26959,1,1,11,3,4,0,6,1,3,6,4,0,3,820.5714285714286,6,3.3333333333333335,0,0,0.1111111111111111,0.8571428571428571,2
30,0,Travel_Rarely,305,Research & Development,16,3,Life Sciences,3,Male,58,4,2,Healthcare Representative,3,Married,5294,9128,3,0,16,3,3,1,10,3,3,7,0,1,7,481.27272727272725,6,3.0,0,0,0.21428571428571427,0.6363636363636364,1
35,0,Travel_Rarely,1395,Research & Development,9,4,Medical,2,Male,48,3,2,Research Scientist,3,Single,5098,18698,1,0,19,3,2,0,10,5,3,10,7,0,8,463.45454545454544,10,2.3333333333333335,0,0,0.05263157894736842,0.9090909090909091,1
55,1,Travel_Rarely,436,Sales,2,1,Medical,3,Male,37,3,2,Sales Executive,4,Single,5160,21519,4,0,16,3,3,0,12,3,2,9,7,7,3,396.9230769230769,2,3.3333333333333335,0,0,0.10256410256410256,0.6923076923076923,1
35,0,Travel_Frequently,853,Sales,18,5,Life Sciences,2,Male,71,3,3,Sales Executive,1,Married,9069,11031,1,0,22,4,4,1,9,3,2,9,8,1,8,906.9,8,2.3333333333333335,0,0,0.05263157894736842,0.9,1
33,1,Travel_Rarely,350,Sales,5,3,Marketing,4,Female,34,3,1,Sales Representative,3,Single,2851,9150,1,1,13,3,2,0,1,2,3,1,0,0,0,1425.5,1,3.0,0,0,0.058823529411764705,0.5,1
33,0,Travel_Rarely,516,Research & Development,8,5,Life Sciences,4,Male,69,3,2,Healthcare Representative,3,Single,6388,22049,2,1,17,3,1,0,14,6,3,0,0,0,0,425.8666666666667,0,2.6666666666666665,0,0,0.11764705882352941,0.0,1
35,1,Travel_Rarely,737,Sales,10,3,Medical,4,Male,55,2,3,Sales Executive,1,Married,10306,21530,9,0,17,3,3,0,15,3,3,13,12,6,0,644.125,7,2.6666666666666665,0,0,0.47368421052631576,0.8125,2
32,0,Non-Travel,1109,Research & Development,29,4,Medical,4,Female,69,3,1,Laboratory Technician,3,Single,4025,11135,9,0,12,3,2,0,10,2,3,8,7,7,7,365.90909090909093,1,3.0,0,0,0.5625,0.7272727272727273,2
58,0,Travel_Rarely,1272,Research & Development,5,3,Technical Degree,3,Female,37,2,3,Healthcare Representative,2,Divorced,10552,9255,2,1,13,3,4,1,24,3,3,6,0,0,4,422.08,6,3.0,0,0,0.047619047619047616,0.24,1
34,1,Travel_Frequently,296,Sales,6,2,Marketing,4,Female,33,1,1,Sales Representative,3,Divorced,2351,12253,0,0,16,3,4,1,3,3,2,2,2,1,0,587.75,1,3.6666666666666665,0,0,0.0,0.5,1
49,0,Travel_Rarely,1418,Research & Development,1,3,Technical Degree,3,Female,36,3,1,Research Scientist,1,Married,3580,10554,2,0,16,3,2,1,7,2,3,4,2,0,2,447.5,4,2.0,0,0,0.06060606060606061,0.5,0
50,0,Travel_Rarely,939,Research & Development,24,3,Life Sciences,4,Male,95,3,4,Manufacturing Director,3,Married,13973,4161,3,1,18,3,4,1,22,2,3,12,11,1,5,607.5217391304348,11,3.6666666666666665,0,0,0.08823529411764706,0.5217391304347826,1
30,0,Travel_Rarely,570,Sales,5,3,Marketing,4,Female,30,2,2,Sales Executive,3,Divorced,6118,5431,1,0,13,3,3,3,10,2,3,10,9,1,2,556.1818181818181,9,3.3333333333333335,0,0,0.07142857142857142,0.9090909090909091,1
42,0,Travel_Frequently,1368,Research & Development,28,4,Technical Degree,4,Female,88,2,2,Healthcare Representative,4,Married,4523,4386,0,0,11,3,4,3,7,4,4,6,5,0,4,565.375,6,4.0,0,0,0.0,0.75,2
53,0,Non-Travel,661,Research & Development,1,4,Medical,1,Female,60,2,4,Manufacturing Director,3,Married,12965,22308,4,1,20,4,4,3,27,2,2,3,2,0,2,463.0357142857143,3,2.6666666666666665,1,0,0.10810810810810811,0.10714285714285714,1
29,0,Travel_Rarely,441,Research & Development,8,1,Other,3,Female,39,1,2,Healthcare Representative,1,Married,9715,7288,3,0,13,3,3,1,9,3,3,7,7,0,7,971.5,7,2.3333333333333335,0,0,0.23076923076923078,0.7,1
27,0,Travel_Rarely,1167,Research & Development,4,2,Life Sciences,1,Male,76,3,1,Research Scientist,3,Divorced,2517,3208,1,0,11,3,2,3,5,2,3,5,3,0,3,419.5,5,2.0,0,0,0.09090909090909091,0.8333333333333334,0
35,0,Travel_Rarely,1224,Sales,7,4,Life Sciences,3,Female,55,3,2,Sales Executive,4,Married,5204,13586,1,1,11,3,4,0,10,2,3,10,8,0,9,473.09090909090907,10,3.6666666666666665,0,0,0.05263157894736842,0.9090909090909091,1
19,1,Travel_Rarely,489,Human Resources,2,2,Technical Degree,1,Male,52,2,1,Human Resources,4,Single,2564,18437,1,0,12,3,3,0,1,3,4,1,0,0,0,1282.0,1,2.6666666666666665,0,0,0.3333333333333333,0.5,2
40,0,Travel_Rarely,1492,Research & Development,20,4,Technical Degree,1,Male,61,3,3,Healthcare Representative,4,Married,10322,26542,4,0,20,4,4,1,14,6,3,11,10,11,1,688.1333333333333,0,3.0,0,1,0.16666666666666666,0.7333333333333333,1
35,0,Travel_Frequently,1182,Sales,11,2,Marketing,4,Male,54,3,2,Sales Executive,4,Divorced,4968,18500,1,0,11,3,4,1,5,3,3,5,2,0,2,828.0,5,4.0,0,0,0.05263157894736842,0.8333333333333334,0
46,0,Travel_Rarely,945,Human Resources,5,2,Medical,2,Male,80,3,2,Human Resources,2,Divorced,5021,10425,8,1,22,4,4,1,16,2,3,4,2,0,2,295.3529411764706,4,2.6666666666666665,0,0,0.26666666666666666,0.23529411764705882,0
42,0,Travel_Frequently,532,Research & Development,29,2,Life Sciences,1,Female,92,3,2,Research Scientist,3,Divorced,4556,12932,2,0,11,3,2,1,19,3,3,5,4,0,2,227.8,5,2.0,0,0,0.07692307692307693,0.25,1
45,0,Travel_Rarely,1329,Research & Development,2,2,Other,4,Female,59,2,2,Manufacturing Director,4,Divorced,5770,5388,1,0,19,3,1,2,10,3,3,10,7,3,9,524.5454545454545,7,3.0,0,0,0.034482758620689655,0.9090909090909091,1
29,1,Travel_Rarely,428,Sales,9,3,Marketing,2,Female,52,1,1,Sales Representative,2,Single,2760,14630,1,0,13,3,3,0,2,3,3,2,2,2,2,920.0,0,2.3333333333333335,0,0,0.07692307692307693,0.6666666666666666,2
34,0,Travel_Frequently,560,Research & Development,1,4,Other,4,Male,91,3,1,Research Scientist,1,Divorced,2996,20284,5,0,14,3,3,2,10,2,3,4,3,1,3,272.3636363636364,3,2.6666666666666665,0,0,0.2777777777777778,0.36363636363636365,0
49,0,Travel_Rarely,1091,Research & Development,1,2,Technical Degree,3,Female,90,2,4,Healthcare Representative,3,Single,13964,17810,7,1,12,3,4,0,25,2,3,7,1,0,7,537.0769230769231,7,3.3333333333333335,0,0,0.21212121212121213,0.2692307692307692,2
24,0,Travel_Rarely,1371,Sales,10,4,Marketing,4,Female,77,3,2,Sales Executive,3,Divorced,4260,5915,1,1,12,3,4,1,5,2,4,5,2,0,3,710.0,5,3.6666666666666665,0,0,0.125,0.8333333333333334,0
22,1,Travel_Frequently,1368,Research & Development,4,1,Technical Degree,3,Male,99,2,1,Laboratory Technician,3,Single,3894,9129,5,0,16,3,3,0,4,3,3,2,2,1,2,778.8,1,3.0,0,0,0.8333333333333334,0.4,2
30,0,Non-Travel,990,Research & Development,7,3,Technical Degree,3,Male,64,3,1,Research Scientist,3,Divorced,1274,7152,1,0,13,3,2,2,1,2,2,1,0,0,0,637.0,1,2.6666666666666665,0,0,0.07142857142857142,0.5,0
44,0,Travel_Rarely,200,Research & Development,29,4,Other,4,Male,32,3,2,Research Scientist,4,Single,4541,7744,1,0,25,4,2,0,20,3,3,20,11,13,17,216.23809523809524,7,3.3333333333333335,0,1,0.03571428571428571,0.9523809523809523,2
30,0,Travel_Rarely,1358,Research & Development,24,1,Life Sciences,4,Male,67,3,1,Laboratory Technician,3,Divorced,2693,13335,1,0,22,4,2,1,1,2,3,1,0,0,0,1346.5,1,3.0,0,0,0.07142857142857142,0.5,1
27,0,Travel_Frequently,994,Sales,8,3,Life Sciences,4,Male,37,3,3,Sales Executive,3,Single,8726,2975,1,0,15,3,4,0,9,0,3,9,8,1,7,872.6,8,3.6666666666666665,0,0,0.09090909090909091,0.9,1
30,0,Travel_Rarely,852,Sales,10,3,Marketing,3,Male,72,2,2,Sales Executive,3,Married,6578,2706,1,0,18,3,1,1,10,3,3,10,3,1,4,598.0,9,2.3333333333333335,0,0,0.07142857142857142,0.9090909090909091,1
24,0,Travel_Rarely,771,Research & Development,1,2,Life Sciences,2,Male,45,2,2,Healthcare Representative,3,Single,4617,14120,1,0,12,3,2,0,4,2,2,4,3,1,2,923.4,3,2.3333333333333335,0,0,0.125,0.8,2
33,0,Travel_Rarely,501,Research & Development,15,2,Medical,2,Female,95,3,2,Healthcare Representative,4,Married,4878,21653,0,1,13,3,1,1,10,6,3,9,7,8,1,443.45454545454544,1,2.3333333333333335,0,0,0.0,0.8181818181818182,0
43,0,Travel_Frequently,185,Research & Development,10,4,Life Sciences,3,Female,33,3,1,Laboratory Technician,4,Single,2455,10675,0,0,19,3,1,0,9,5,3,8,7,1,7,245.5,7,2.6666666666666665,0,0,0.0,0.8,1
34,0,Travel_Rarely,1111,Sales,8,2,Life Sciences,3,Female,93,3,2,Sales Executive,1,Married,6500,13305,5,0,17,3,2,1,6,1,3,3,2,1,2,928.5714285714286,2,2.0,0,0,0.2777777777777778,0.42857142857142855,0
46,0,Travel_Frequently,1211,Sales,5,4,Marketing,1,Male,98,3,2,Sales Executive,4,Single,5772,20445,4,1,21,4,3,0,14,4,3,9,6,0,8,384.8,9,2.6666666666666665,0,0,0.13333333333333333,0.6,1
50,0,Travel_Frequently,1115,Research & Development,1,3,Life Sciences,1,Female,73,3,5,Research Director,2,Married,18172,9755,3,1,19,3,1,0,28,1,2,8,3,0,7,626.6206896551724,8,1.3333333333333333,1,0,0.08823529411764706,0.27586206896551724,1
37,1,Travel_Rarely,625,Sales,1,4,Life Sciences,1,Male,46,2,3,Sales Executive,3,Married,10609,14922,5,0,11,3,3,0,17,2,1,14,1,11,7,589.3888888888889,3,2.3333333333333335,0,0,0.23809523809523808,0.7777777777777778,2
29,0,Travel_Frequently,442,Sales,2,2,Life Sciences,2,Male,44,3,2,Sales Executive,4,Single,4554,20260,1,0,18,3,1,0,10,3,2,10,7,0,9,414.0,10,2.3333333333333335,0,0,0.07692307692307693,0.9090909090909091,1
44,0,Travel_Frequently,383,Sales,1,5,Marketing,1,Female,79,3,2,Sales Executive,3,Married,4768,9282,7,0,12,3,3,1,11,4,2,1,0,0,0,397.3333333333333,1,2.3333333333333335,0,0,0.25,0.08333333333333333,0
44,0,Travel_Rarely,1467,Research & Development,20,3,Life Sciences,4,Male,49,3,1,Research Scientist,2,Single,3420,21158,1,0,13,3,3,0,6,3,2,5,2,1,3,488.57142857142856,4,3.0,0,0,0.03571428571428571,0.7142857142857143,2
35,0,Non-Travel,727,Research & Development,3,3,Life Sciences,3,Male,41,2,1,Laboratory Technician,3,Married,1281,16900,1,0,18,3,3,2,1,3,3,1,0,0,0,640.5,1,3.0,0,0,0.05263157894736842,0.5,1
54,0,Travel_Frequently,966,Research & Development,1,4,Life Sciences,4,Female,53,3,3,Manufacturing Director,3,Divorced,10502,9659,7,0,17,3,1,1,33,2,1,5,4,1,4,308.88235294117646,4,2.6666666666666665,0,0,0.18421052631578946,0.14705882352941177,0
48,0,Travel_Rarely,530,Sales,29,1,Medical,1,Female,91,3,3,Manager,3,Married,12504,23978,3,0,21,4,2,1,15,3,1,0,0,0,0,781.5,0,2.0,0,0,0.09375,0.0,1
31,0,Travel_Frequently,853,Research & Development,1,1,Life Sciences,3,Female,96,3,2,Manufacturing Director,1,Married,4148,11275,1,0,12,3,3,1,4,1,3,4,3,0,3,829.6,4,2.3333333333333335,0,0,0.06666666666666667,0.8,0
32,0,Travel_Rarely,824,Research & Development,5,2,Life Sciences,4,Female,67,2,2,Research Scientist,2,Married,5878,15624,3,0,12,3,1,1,12,2,3,7,1,2,5,452.15384615384613,5,2.3333333333333335,0,0,0.1875,0.5384615384615384,1
42,0,Travel_Rarely,635,Sales,1,1,Life Sciences,2,Male,99,3,2,Sales Executive,3,Married,4907,24532,1,0,25,4,3,0,20,3,3,20,16,11,6,233.66666666666666,9,2.6666666666666665,0,1,0.038461538461538464,0.9523809523809523,1
31,1,Travel_Frequently,874,Research & Development,15,3,Medical,3,Male,72,3,1,Laboratory Technician,3,Married,2610,6233,1,0,12,3,3,1,2,5,2,2,2,2,2,870.0,0,3.0,0,0,0.06666666666666667,0.6666666666666666,0
36,1,Travel_Rarely,885,Research & Development,16,4,Life Sciences,3,Female,43,4,1,Laboratory Technician,1,Single,2743,8269,1,0,16,3,3,0,18,1,3,17,13,15,14,144.3684210526316,2,2.3333333333333335,0,0,0.05,0.8947368421052632,2
39,0,Travel_Rarely,116,Research & Development,24,1,Life Sciences,1,Male,52,3,2,Research Scientist,4,Single,4108,5340,7,0,13,3,1,0,18,2,3,7,7,1,7,216.21052631578948,6,2.0,0,0,0.30434782608695654,0.3684210526315789,2
29,1,Travel_Rarely,224,Research & Development,1,4,Technical Degree,1,Male,100,2,1,Research Scientist,1,Single,2362,7568,6,0,13,3,3,0,11,2,1,9,7,0,7,196.83333333333334,9,1.6666666666666667,0,0,0.46153846153846156,0.75,2
26,0,Travel_Rarely,1167,Sales,5,3,Other,4,Female,30,2,1,Sales Representative,3,Single,2966,21378,0,0,18,3,4,0,5,2,3,4,2,0,0,494.3333333333333,4,3.6666666666666665,0,0,0.0,0.6666666666666666,2
34,1,Non-Travel,1362,Sales,19,3,Marketing,1,Male,67,4,2,Sales Executive,4,Single,5304,4652,8,1,13,3,2,0,9,3,2,5,2,0,4,530.4,5,2.3333333333333335,1,0,0.4444444444444444,0.5,2
46,0,Travel_Rarely,1319,Sales,3,3,Technical Degree,1,Female,45,4,4,Sales Executive,1,Divorced,13225,7739,2,0,12,3,4,1,25,5,3,19,17,2,8,508.65384615384613,17,2.0,0,0,0.06666666666666667,0.7307692307692307,0
38,0,Travel_Frequently,594,Research & Development,2,2,Medical,3,Female,75,2,1,Laboratory Technician,2,Married,2468,15963,4,0,14,3,2,1,9,4,2,6,1,0,5,246.8,6,2.3333333333333335,0,0,0.18181818181818182,0.6,1
55,0,Travel_Rarely,1136,Research & Development,1,4,Medical,2,Male,81,4,4,Research Director,4,Divorced,14732,12414,2,0,13,3,4,2,31,4,4,7,7,0,0,460.375,7,3.3333333333333335,0,0,0.05128205128205128,0.21875,0
39,0,Travel_Rarely,903,Sales,2,5,Life Sciences,1,Male,41,4,3,Sales Executive,3,Single,7880,2560,0,0,18,3,4,0,9,3,3,8,7,0,7,788.0,8,2.6666666666666665,0,0,0.0,0.8,1
40,0,Non-Travel,1094,Sales,28,3,Other,3,Male,58,1,3,Sales Executive,1,Divorced,10932,11373,3,0,15,3,3,1,20,2,3,1,0,0,1,520.5714285714286,1,2.3333333333333335,0,0,0.125,0.047619047619047616,2
34,0,Travel_Frequently,303,Sales,2,4,Marketing,3,Female,75,3,1,Sales Representative,3,Married,2231,11314,6,0,18,3,4,1,6,3,3,4,3,1,2,318.7142857142857,3,3.3333333333333335,0,0,0.3333333333333333,0.5714285714285714,0
29,1,Travel_Rarely,408,Research & Development,25,5,Technical Degree,3,Female,71,2,1,Research Scientist,2,Married,2546,18300,5,0,16,3,2,0,6,2,4,2,2,1,1,363.7142857142857,1,2.3333333333333335,0,0,0.38461538461538464,0.2857142857142857,3
56,1,Travel_Rarely,310,Research & Development,7,2,Technical Degree,4,Male,72,3,1,Laboratory Technician,3,Married,2339,3666,8,0,11,3,4,1,14,4,1,10,9,9,8,155.93333333333334,1,3.6666666666666665,0,0,0.2,0.6666666666666666,0
32,0,Travel_Rarely,234,Sales,1,4,Medical,2,Male,68,2,1,Sales Representative,2,Married,2269,18024,0,0,14,3,2,1,3,2,3,2,2,2,2,567.25,0,2.0,0,0,0.0,0.5,1
53,0,Travel_Rarely,1395,Research & Development,24,4,Medical,2,Male,48,4,3,Healthcare Representative,4,Married,7005,3458,3,0,15,3,3,0,11,2,3,4,3,1,2,583.75,3,3.0,0,0,0.08108108108108109,0.3333333333333333,2
23,1,Travel_Rarely,1243,Research & Development,6,3,Life Sciences,3,Male,63,4,1,Laboratory Technician,1,Married,1601,3445,1,1,21,4,3,2,1,2,3,0,0,0,0,800.5,0,2.3333333333333335,0,0,0.14285714285714285,0.0,0
35,0,Non-Travel,1212,Sales,8,2,Marketing,3,Female,78,2,3,Sales Executive,4,Married,10377,13755,4,1,11,3,2,1,16,6,2,13,2,4,12,610.4117647058823,9,3.0,1,0,0.21052631578947367,0.7647058823529411,1
48,0,Travel_Rarely,277,Research & Development,6,3,Life Sciences,1,Male,97,2,2,Healthcare Representative,3,Single,4240,13119,2,0,13,3,4,0,19,0,3,2,2,2,2,212.0,0,2.6666666666666665,0,0,0.0625,0.1,2
26,1,Non-Travel,265,Sales,29,2,Medical,2,Male,79,1,2,Sales Executive,1,Single,4969,21813,8,0,18,3,4,0,7,6,3,2,2,2,2,621.125,0,2.3333333333333335,0,0,0.8,0.25,3
35,0,Travel_Frequently,664,Research & Development,1,3,Medical,2,Male,79,3,1,Research Scientist,1,Married,2194,5868,4,0,13,3,4,1,5,2,2,3,2,1,2,365.6666666666667,2,2.3333333333333335,0,0,0.21052631578947367,0.5,0
35,0,Travel_Frequently,1199,Research & Development,18,4,Life Sciences,3,Male,80,3,2,Healthcare Representative,3,Married,5689,24594,1,1,14,3,4,2,10,2,4,10,2,0,2,517.1818181818181,10,3.3333333333333335,0,0,0.05263157894736842,0.9090909090909091,1
38,0,Travel_Rarely,362,Research & Development,1,1,Life Sciences,3,Female,43,3,1,Research Scientist,1,Single,2619,14561,3,0,17,3,4,0,8,3,2,0,0,0,0,291.0,0,2.6666666666666665,0,0,0.13636363636363635,0.0,1
55,0,Travel_Rarely,1117,Sales,18,5,Life Sciences,1,Female,83,3,4,Manager,2,Single,16835,9873,3,0,23,4,4,0,37,2,3,10,9,7,7,443.0263157894737,3,2.3333333333333335,0,1,0.07692307692307693,0.2631578947368421,2
37,0,Travel_Rarely,558,Sales,2,3,Marketing,4,Male,75,3,2,Sales Executive,3,Married,9602,3010,4,1,11,3,3,1,17,3,2,3,0,1,0,533.4444444444445,2,3.3333333333333335,1,0,0.19047619047619047,0.16666666666666666,0
30,1,Travel_Rarely,945,Sales,9,3,Medical,2,Male,89,3,1,Sales Representative,4,Single,1081,16019,1,0,13,3,3,0,1,3,2,1,0,0,0,540.5,1,3.0,0,0,0.07142857142857142,0.5,1
51,0,Travel_Rarely,1318,Sales,26,4,Marketing,1,Female,66,3,4,Manager,3,Married,16307,5594,2,0,14,3,3,1,29,2,2,20,6,4,17,543.5666666666667,16,2.3333333333333335,0,0,0.05714285714285714,0.6666666666666666,1
31,0,Travel_Frequently,798,Research & Development,7,2,Life Sciences,3,Female,48,2,3,Manufacturing Director,3,Married,8943,14034,1,0,24,4,1,1,10,2,3,10,9,8,9,813.0,2,2.3333333333333335,0,1,0.06666666666666667,0.9090909090909091,1
57,0,Travel_Rarely,210,Sales,29,3,Marketing,1,Male,56,2,4,Manager,4,Divorced,14118,22102,3,0,12,3,3,1,32,3,2,1,0,0,0,427.8181818181818,1,2.6666666666666665,0,0,0.07317073170731707,0.030303030303030304,2
32,0,Travel_Rarely,646,Research & Development,9,4,Life Sciences,1,Female,92,3,2,Research Scientist,4,Married,6322,18089,1,1,12,3,4,1,6,2,2,6,4,0,5,903.1428571428571,6,3.0,1,0,0.0625,0.8571428571428571,0
41,0,Travel_Rarely,167,Research & Development,12,4,Life Sciences,2,Male,46,3,1,Laboratory Technician,4,Married,4766,9051,3,1,11,3,1,1,6,4,3,1,0,0,0,680.8571428571429,1,2.3333333333333335,0,0,0.12,0.14285714285714285,0
38,0,Travel_Frequently,1490,Research & Development,2,2,Life Sciences,4,Male,42,3,1,Laboratory Technician,4,Married,1702,12106,1,1,23,4,3,1,1,3,3,1,0,0,0,851.0,1,3.6666666666666665,0,0,0.045454545454545456,0.5,0
27,0,Travel_Frequently,591,Research & Development,2,3,Medical,4,Male,87,3,1,Research Scientist,4,Single,2580,6297,2,0,13,3,3,0,6,0,2,4,2,1,2,368.57142857142856,3,3.6666666666666665,0,0,0.18181818181818182,0.5714285714285714,1
37,0,Non-Travel,142,Sales,9,4,Medical,1,Male,69,3,3,Sales Executive,2,Divorced,8834,24666,1,0,13,3,4,1,9,6,3,9,5,7,7,883.4,2,2.3333333333333335,0,0,0.047619047619047616,0.9,0
44,0,Travel_Rarely,1488,Sales,1,5,Marketing,2,Female,75,3,2,Sales Executive,1,Divorced,5454,4009,5,1,21,4,3,1,9,2,2,4,3,1,3,545.4,3,2.0,1,0,0.17857142857142858,0.4,0
29,0,Travel_Rarely,1389,Research & Development,21,4,Life Sciences,2,Female,51,4,3,Manufacturing Director,1,Divorced,9980,10195,1,0,11,3,3,1,10,1,3,10,9,8,8,907.2727272727273,2,2.0,0,0,0.07692307692307693,0.9090909090909091,1
35,0,Travel_Rarely,776,Sales,1,4,Marketing,3,Male,32,2,2,Sales Executive,1,Single,4312,23016,0,0,14,3,2,0,16,2,3,15,13,2,8,253.64705882352942,13,2.0,0,0,0.0,0.8823529411764706,2
30,0,Travel_Rarely,793,Research & Development,16,1,Life Sciences,2,Male,33,3,1,Research Scientist,4,Married,2862,3811,1,0,12,3,2,1,10,2,2,10,0,0,8,260.1818181818182,10,2.6666666666666665,0,0,0.07142857142857142,0.9090909090909091,1
38,0,Travel_Rarely,397,Research & Development,2,2,Medical,4,Female,54,2,3,Manufacturing Director,3,Married,7756,14199,3,1,19,3,4,1,10,6,4,5,4,0,2,705.0909090909091,5,3.6666666666666665,0,0,0.13636363636363635,0.45454545454545453,1
34,0,Travel_Rarely,1400,Sales,9,1,Life Sciences,2,Female,70,3,2,Sales Executive,3,Married,5714,5829,1,0,20,4,1,0,6,3,2,6,5,1,3,816.2857142857143,5,2.0,0,0,0.05555555555555555,0.8571428571428571,1
42,0,Travel_Rarely,265,Sales,5,2,Marketing,4,Male,90,3,5,Manager,3,Married,18303,7770,6,0,13,3,2,0,21,3,4,1,0,0,0,831.9545454545455,1,3.0,0,0,0.23076923076923078,0.045454545454545456,1
48,0,Travel_Rarely,855,Research & Development,4,3,Life Sciences,4,Male,54,3,3,Manufacturing Director,4,Single,7898,18706,1,0,11,3,3,0,11,2,3,10,9,0,8,658.1666666666666,10,3.6666666666666665,0,0,0.03125,0.8333333333333334,1
39,0,Travel_Rarely,408,Research & Development,2,4,Technical Degree,4,Female,80,2,2,Healthcare Representative,3,Single,4553,20978,1,0,11,3,1,0,20,4,3,20,7,11,10,216.8095238095238,9,2.6666666666666665,0,0,0.043478260869565216,0.9523809523809523,2
49,0,Non-Travel,1002,Research & Development,18,4,Life Sciences,4,Male,92,3,2,Manufacturing Director,4,Divorced,6804,23793,1,1,15,3,1,2,7,0,3,7,7,1,7,850.5,6,3.0,0,0,0.030303030303030304,0.875,1
41,0,Travel_Rarely,896,Sales,6,3,Life Sciences,4,Female,75,3,3,Manager,4,Single,13591,14674,3,1,18,3,3,0,16,3,3,1,0,0,0,799.4705882352941,1,3.6666666666666665,0,0,0.12,0.058823529411764705,1
30,0,Travel_Rarely,1240,Human Resources,9,3,Human Resources,3,Male,48,3,2,Human Resources,4,Married,6347,13982,0,1,19,3,4,0,12,2,1,11,9,4,7,488.2307692307692,7,3.6666666666666665,1,0,0.0,0.8461538461538461,1
40,0,Non-Travel,458,Research & Development,16,2,Life Sciences,3,Male,74,3,1,Research Scientist,3,Divorced,3544,8532,9,0,16,3,2,1,6,0,3,4,2,0,0,506.2857142857143,4,2.6666666666666665,0,0,0.375,0.5714285714285714,1
31,1,Travel_Frequently,667,Sales,1,4,Life Sciences,2,Female,50,1,1,Sales Representative,3,Single,1359,16154,1,0,12,3,2,0,1,3,3,1,0,0,0,679.5,1,2.3333333333333335,0,0,0.06666666666666667,0.5,2
44,0,Travel_Rarely,1112,Human Resources,1,4,Life Sciences,1,Female,50,2,2,Human Resources,3,Single,5985,26894,4,0,11,3,2,0,10,1,4,2,2,0,2,544.0909090909091,2,2.0,0,0,0.14285714285714285,0.18181818181818182,2
29,0,Travel_Rarely,1086,Research & Development,7,1,Medical,1,Female,62,2,1,Laboratory Technician,4,Divorced,2532,6054,6,0,14,3,3,3,8,5,3,4,3,0,3,281.3333333333333,4,2.6666666666666665,0,0,0.46153846153846156,0.4444444444444444,1
38,0,Travel_Frequently,508,Research & Development,6,4,Life Sciences,1,Male,72,2,2,Manufacturing Director,3,Married,5321,14284,2,0,11,3,4,1,10,1,3,8,3,7,7,483.72727272727275,1,2.6666666666666665,0,0,0.09090909090909091,0.7272727272727273,1
41,0,Travel_Frequently,1018,Sales,1,3,Marketing,3,Female,66,3,2,Sales Executive,1,Divorced,4103,4297,0,0,17,3,4,1,10,2,3,9,3,1,7,373.0,8,2.6666666666666665,0,0,0.0,0.8181818181818182,0
33,0,Travel_Rarely,586,Sales,1,3,Medical,1,Male,48,4,2,Sales Executive,1,Divorced,4037,21816,1,0,22,4,1,1,9,5,3,9,8,0,8,403.7,9,1.0,0,0,0.058823529411764705,0.9,0
44,0,Travel_Rarely,1313,Research & Development,7,3,Medical,2,Female,31,3,5,Research Director,4,Divorced,19049,3549,0,1,14,3,4,1,23,4,2,22,7,1,10,793.7083333333334,21,3.3333333333333335,1,0,0.0,0.9166666666666666,0
36,0,Non-Travel,427,Research & Development,8,3,Life Sciences,1,Female,63,4,3,Research Director,1,Married,11713,20335,9,0,14,3,1,1,10,2,3,8,7,0,5,1064.8181818181818,8,1.0,0,0,0.45,0.7272727272727273,0
34,0,Travel_Rarely,304,Sales,2,3,Other,4,Male,60,3,2,Sales Executive,4,Single,6274,18686,1,0,22,4,3,0,6,5,3,6,5,1,4,896.2857142857143,5,3.6666666666666665,0,0,0.05555555555555555,0.8571428571428571,1
46,0,Travel_Rarely,705,Sales,2,4,Marketing,2,Female,83,3,5,Manager,1,Single,18947,22822,3,0,12,3,4,0,22,2,2,2,2,2,1,823.7826086956521,0,2.3333333333333335,0,0,0.1,0.08695652173913043,1
44,0,Non-Travel,111,Research & Development,17,3,Life Sciences,4,Male,74,1,1,Research Scientist,3,Single,2290,4279,2,0,13,3,4,0,6,3,3,0,0,0,0,327.14285714285717,0,3.6666666666666665,0,0,0.07142857142857142,0.0,3
35,0,Non-Travel,208,Research & Development,8,4,Life Sciences,3,Female,52,3,2,Healthcare Representative,3,Married,4148,12250,1,0,12,3,4,1,15,5,3,14,11,2,9,259.25,12,3.3333333333333335,0,0,0.05263157894736842,0.875,0
29,1,Travel_Rarely,805,Research & Development,1,2,Life Sciences,2,Female,36,2,1,Laboratory Technician,1,Married,2319,6689,1,1,11,3,4,1,1,1,3,1,0,0,0,1159.5,1,2.3333333333333335,0,0,0.07692307692307693,0.5,1
38,0,Travel_Rarely,827,Research & Development,1,4,Life Sciences,2,Female,33,4,2,Healthcare Representative,4,Single,7625,19383,0,0,13,3,3,0,10,4,2,9,7,1,8,693.1818181818181,8,3.0,0,0,0.0,0.8181818181818182,1
53,0,Travel_Rarely,1084,Research & Development,13,2,Medical,4,Female,57,4,2,Manufacturing Director,1,Divorced,4450,26250,1,0,11,3,3,2,5,3,3,4,2,1,3,741.6666666666666,3,2.6666666666666665,0,0,0.02702702702702703,0.6666666666666666,0
50,0,Travel_Rarely,797,Research & Development,4,1,Life Sciences,1,Male,96,3,5,Research Director,2,Divorced,19144,15815,3,0,14,3,1,2,28,4,2,10,4,1,6,660.1379310344828,9,1.3333333333333333,0,0,0.08823529411764706,0.3448275862068966,0
37,0,Travel_Frequently,1231,Sales,21,2,Medical,3,Female,54,3,1,Sales Representative,4,Married,2973,21222,5,0,15,3,2,1,10,3,3,5,4,0,0,270.27272727272725,5,3.0,0,0,0.23809523809523808,0.45454545454545453,1
37,1,Travel_Rarely,370,Research & Development,10,4,Medical,4,Male,58,3,2,Manufacturing Director,1,Single,4213,4992,1,0,15,3,2,0,10,4,1,10,3,0,8,383.0,10,2.3333333333333335,0,0,0.047619047619047616,0.9090909090909091,1
38,0,Travel_Rarely,688,Research & Development,23,4,Life Sciences,4,Male,82,3,2,Healthcare Representative,4,Divorced,5745,18899,9,0,14,3,2,1,10,2,3,2,2,1,2,522.2727272727273,1,3.3333333333333335,0,0,0.4090909090909091,0.18181818181818182,1
28,0,Travel_Rarely,1423,Research & Development,1,3,Life Sciences,1,Male,72,2,1,Research Scientist,3,Divorced,1563,12530,1,0,14,3,4,1,1,2,1,1,0,0,0,781.5,1,2.6666666666666665,0,0,0.08333333333333333,0.5,1
55,0,Travel_Frequently,1091,Research & Development,2,1,Life Sciences,4,Male,65,3,3,Manufacturing Director,2,Married,10976,15813,3,0,18,3,2,1,23,4,3,3,2,1,2,457.3333333333333,2,2.6666666666666665,0,0,0.07692307692307693,0.125,0
38,0,Travel_Rarely,330,Research & Development,17,1,Life Sciences,3,Female,65,2,3,Healthcare Representative,3,Married,8823,24608,0,0,18,3,1,1,20,4,2,19,9,1,9,420.14285714285717,18,2.3333333333333335,0,0,0.0,0.9047619047619048,2
45,1,Travel_Rarely,1449,Sales,2,3,Marketing,1,Female,94,1,5,Manager,2,Single,18824,2493,2,1,16,3,1,0,26,2,3,24,10,1,11,697.1851851851852,23,1.3333333333333333,0,0,0.06896551724137931,0.8888888888888888,2
31,1,Travel_Rarely,359,Human Resources,18,5,Human Resources,4,Male,89,4,1,Human Resources,1,Married,2956,21495,0,0,17,3,3,0,2,4,3,1,0,0,0,985.3333333333334,1,2.6666666666666665,0,0,0.0,0.3333333333333333,2
43,0,Travel_Rarely,1273,Research & Development,2,2,Medical,4,Female,72,4,1,Research Scientist,3,Divorced,2645,21923,1,0,12,3,4,2,6,3,2,5,3,1,4,377.85714285714283,4,3.6666666666666665,0,0,0.037037037037037035,0.7142857142857143,0
40,0,Travel_Rarely,1137,Research & Development,1,4,Life Sciences,1,Male,98,3,4,Manager,1,Divorced,16823,18991,2,0,11,3,1,1,22,3,3,19,7,11,16,731.4347826086956,8,1.0,0,0,0.08333333333333333,0.8260869565217391,0
30,0,Travel_Rarely,1082,Sales,12,3,Technical Degree,2,Female,83,3,2,Sales Executive,3,Single,6577,19558,0,0,11,3,2,0,6,6,3,5,4,4,4,939.5714285714286,1,2.3333333333333335,0,0,0.0,0.7142857142857143,1
28,0,Travel_Rarely,736,Sales,26,3,Life Sciences,3,Male,48,2,2,Sales Executive,1,Married,4724,24232,1,0,11,3,3,1,5,0,3,5,3,0,4,787.3333333333334,5,2.3333333333333335,0,0,0.08333333333333333,0.8333333333333334,2
18,1,Travel_Frequently,544,Sales,3,2,Medical,2,Female,70,3,1,Sales Representative,4,Single,1569,18420,1,1,12,3,3,0,0,2,4,0,0,0,0,1569.0,0,3.0,0,0,0.5,0.0,1
28,1,Travel_Rarely,529,Research & Development,2,4,Life Sciences,1,Male,79,3,1,Laboratory Technician,3,Single,3485,14935,2,0,11,3,3,0,5,5,1,0,0,0,0,580.8333333333334,0,2.3333333333333335,0,0,0.16666666666666666,0.0,1
39,1,Travel_Rarely,1162,Sales,3,2,Medical,4,Female,41,3,2,Sales Executive,3,Married,5238,17778,4,1,18,3,1,0,12,3,2,1,0,0,0,402.9230769230769,1,2.6666666666666665,1,0,0.17391304347826086,0.07692307692307693,1
25,0,Travel_Frequently,772,Research & Development,2,1,Life Sciences,4,Male,77,4,2,Manufacturing Director,3,Divorced,5206,4973,1,0,17,3,3,2,7,6,3,7,7,0,7,650.75,7,3.3333333333333335,0,0,0.1111111111111111,0.875,0
33,0,Travel_Rarely,1242,Sales,8,4,Life Sciences,1,Male,46,3,2,Sales Executive,1,Married,6392,10589,2,0,13,3,4,1,8,6,1,2,2,2,2,710.2222222222222,0,2.0,0,0,0.11764705882352941,0.2222222222222222,0
28,1,Travel_Rarely,1475,Sales,13,2,Marketing,4,Female,84,3,2,Sales Executive,3,Single,9854,23352,3,1,11,3,4,0,6,0,3,2,0,2,2,1407.7142857142858,0,3.6666666666666665,0,0,0.25,0.2857142857142857,1
60,0,Travel_Frequently,1499,Sales,28,3,Marketing,3,Female,80,2,3,Sales Executive,1,Married,10266,2845,4,0,19,3,4,0,22,5,4,18,13,13,11,446.3478260869565,5,2.6666666666666665,0,0,0.09090909090909091,0.782608695652174,3
42,1,Travel_Frequently,481,Sales,12,3,Life Sciences,3,Male,44,3,4,Sales Executive,1,Single,13758,2447,0,1,12,3,2,0,22,2,2,21,9,13,14,598.1739130434783,8,2.0,1,0,0.0,0.9130434782608695,1
34,0,Travel_Rarely,970,Research & Development,8,2,Medical,2,Female,96,3,2,Healthcare Representative,3,Single,6142,7360,3,0,11,3,4,0,10,2,3,5,1,4,3,558.3636363636364,1,3.0,0,0,0.16666666666666666,0.45454545454545453,1
47,0,Travel_Rarely,249,Sales,2,2,Marketing,3,Female,35,3,2,Sales Executive,4,Married,4537,17783,0,1,22,4,1,1,8,2,3,7,6,7,7,504.1111111111111,0,2.6666666666666665,0,1,0.0,0.7777777777777778,0
56,0,Travel_Rarely,832,Research & Development,9,3,Medical,3,Male,81,3,4,Healthcare Representative,4,Married,11103,20420,7,0,11,3,3,0,30,1,2,10,7,1,1,358.16129032258067,9,3.3333333333333335,0,0,0.175,0.3225806451612903,1
32,0,Non-Travel,953,Research & Development,5,4,Technical Degree,2,Male,65,3,1,Research Scientist,2,Single,2718,17674,2,0,14,3,2,0,12,3,3,7,7,0,7,209.07692307692307,7,2.0,0,0,0.125,0.5384615384615384,1
49,0,Travel_Rarely,1098,Research & Development,4,2,Medical,1,Male,85,2,5,Manager,3,Married,18711,12124,2,0,13,3,3,1,23,2,4,1,0,0,0,779.625,1,2.3333333333333335,0,0,0.06060606060606061,0.041666666666666664,1
37,0,Travel_Frequently,889,Research & Development,9,3,Medical,2,Male,53,3,1,Research Scientist,4,Married,2326,11411,1,1,12,3,3,3,4,3,2,4,2,1,2,465.2,3,3.0,1,0,0.047619047619047616,0.8,0
41,1,Travel_Frequently,143,Sales,4,3,Marketing,1,Male,56,3,2,Sales Executive,2,Single,9355,9558,1,0,18,3,3,0,8,5,3,8,7,7,7,1039.4444444444443,1,2.0,0,0,0.04,0.8888888888888888,1
37,0,Travel_Rarely,921,Research & Development,10,3,Medical,3,Female,98,3,1,Laboratory Technician,1,Married,3452,17663,6,0,20,4,2,1,17,3,3,5,4,0,3,191.77777777777777,5,2.0,0,0,0.2857142857142857,0.2777777777777778,0
28,0,Travel_Frequently,467,Sales,7,3,Life Sciences,3,Male,55,3,2,Sales Executive,1,Single,4898,11827,0,0,14,3,4,0,5,5,3,4,2,1,3,816.3333333333334,3,2.6666666666666665,0,0,0.0,0.6666666666666666,1
27,0,Travel_Frequently,1131,Research & Development,15,3,Life Sciences,4,Female,77,2,1,Research Scientist,1,Married,4774,23844,0,0,19,3,4,1,8,2,2,7,6,7,3,530.4444444444445,0,3.0,0,0,0.0,0.7777777777777778,1
34,0,Travel_Rarely,1303,Research & Development,2,4,Life Sciences,4,Male,62,2,1,Research Scientist,3,Divorced,2768,8416,3,0,12,3,3,1,14,3,3,7,3,5,7,184.53333333333333,2,3.3333333333333335,0,0,0.16666666666666666,0.4666666666666667,1
37,0,Travel_Rarely,977,Research & Development,1,3,Life Sciences,4,Female,56,2,2,Manufacturing Director,4,Married,6474,9961,1,0,13,3,2,1,14,2,2,14,8,3,11,431.6,11,3.3333333333333335,0,0,0.047619047619047616,0.9333333333333333,1
59,0,Travel_Frequently,1225,Sales,1,1,Life Sciences,1,Female,57,2,2,Sales Executive,3,Single,5473,24668,7,0,11,3,4,0,20,2,2,4,3,1,3,260.6190476190476,3,2.6666666666666665,0,0,0.16279069767441862,0.19047619047619047,2
31,0,Travel_Rarely,655,Research & Development,7,4,Life Sciences,4,Male,48,3,2,Laboratory Technician,4,Divorced,5915,9528,3,0,22,4,4,1,10,3,2,7,7,1,7,537.7272727272727,6,4.0,0,0,0.2,0.6363636363636364,0
31,0,Travel_Rarely,1082,Research & Development,1,4,Medical,3,Male,87,3,1,Research Scientist,2,Single,2501,18775,1,0,17,3,2,0,1,4,3,1,1,1,0,1250.5,0,2.3333333333333335,0,0,0.06666666666666667,0.5,1
36,0,Travel_Rarely,506,Research & Development,3,3,Technical Degree,3,Male,30,3,2,Research Scientist,2,Single,4485,26285,4,0,12,3,4,0,10,2,3,8,0,7,7,407.72727272727275,1,3.0,0,0,0.2,0.7272727272727273,1
27,0,Travel_Rarely,486,Research & Development,8,3,Medical,2,Female,86,4,1,Research Scientist,3,Married,3517,22490,7,0,17,3,1,0,5,0,3,3,2,0,2,586.1666666666666,3,2.0,0,0,0.6363636363636364,0.5,1
40,0,Travel_Rarely,1308,Research & Development,14,3,Medical,3,Male,44,2,5,Research Director,3,Single,19626,17544,1,0,14,3,1,0,21,2,4,20,7,4,9,892.0909090909091,16,2.3333333333333335,0,0,0.041666666666666664,0.9090909090909091,2
25,0,Travel_Rarely,685,Research & Development,1,3,Life Sciences,1,Female,62,3,2,Manufacturing Director,3,Married,4898,7505,0,0,12,3,4,2,5,3,3,4,2,1,2,816.3333333333334,3,2.6666666666666665,0,0,0.0,0.6666666666666666,0
41,0,Non-Travel,267,Sales,10,2,Life Sciences,4,Male,56,3,2,Sales Executive,4,Single,6230,13430,7,0,14,3,4,0,16,3,3,14,3,1,10,366.47058823529414,13,4.0,0,0,0.28,0.8235294117647058,1
50,1,Travel_Frequently,878,Sales,1,4,Life Sciences,2,Male,94,3,2,Sales Executive,3,Divorced,6728,14255,7,0,12,3,4,2,12,3,3,6,3,0,1,517.5384615384615,6,3.0,0,0,0.20588235294117646,0.46153846153846156,0
24,0,Travel_Frequently,535,Sales,24,3,Medical,4,Male,38,3,1,Sales Representative,4,Married,2400,5530,0,0,13,3,3,2,3,3,3,2,2,2,1,600.0,0,3.6666666666666665,0,0,0.0,0.5,1
33,0,Travel_Rarely,536,Sales,10,5,Marketing,4,Male,82,4,3,Sales Executive,3,Divorced,8380,21708,0,1,14,3,4,2,10,3,3,9,8,0,8,761.8181818181819,9,3.6666666666666665,0,0,0.0,0.8181818181818182,0
29,0,Travel_Rarely,1396,Sales,10,3,Life Sciences,3,Male,99,3,1,Sales Representative,3,Single,2642,2755,1,0,11,3,3,0,1,6,3,1,0,0,0,1321.0,1,3.0,0,0,0.07692307692307693,0.5,1
42,0,Travel_Rarely,1265,Research & Development,3,3,Life Sciences,3,Female,95,4,2,Laboratory Technician,4,Married,5231,23726,2,1,13,3,2,1,17,1,2,5,3,1,3,290.6111111111111,4,3.0,1,0,0.07692307692307693,0.2777777777777778,0
42,0,Travel_Rarely,1332,Research & Development,2,4,Other,1,Male,98,2,2,Healthcare Representative,4,Single,6781,17078,3,0,23,4,2,0,14,6,3,1,0,0,0,452.06666666666666,1,2.3333333333333335,0,0,0.11538461538461539,0.06666666666666667,2
33,0,Non-Travel,1038,Sales,8,1,Life Sciences,2,Female,88,2,1,Sales Representative,4,Single,2342,21437,0,0,19,3,4,0,3,2,2,2,2,2,2,585.5,0,3.3333333333333335,0,0,0.0,0.5,2
19,0,Travel_Rarely,265,Research & Development,25,3,Life Sciences,2,Female,57,4,1,Research Scientist,4,Single,2994,21221,1,1,12,3,4,0,1,2,3,1,0,0,1,1497.0,1,3.3333333333333335,0,0,0.3333333333333333,0.5,2
26,0,Travel_Rarely,1443,Sales,23,3,Marketing,3,Female,47,2,2,Sales Executive,4,Married,4157,21436,7,1,19,3,3,1,5,2,2,2,2,0,0,692.8333333333334,2,3.3333333333333335,1,0,0.7,0.3333333333333333,2
35,0,Travel_Rarely,384,Sales,8,4,Life Sciences,1,Female,72,3,1,Sales Representative,4,Married,2572,20317,1,0,16,3,2,1,3,1,2,3,2,0,2,643.0,3,2.3333333333333335,0,0,0.05263157894736842,0.75,0
47,1,Non-Travel,666,Research & Development,29,4,Life Sciences,1,Male,88,3,3,Manager,2,Married,11849,10268,1,1,12,3,4,1,10,2,2,10,7,9,9,1077.1818181818182,1,2.3333333333333335,1,0,0.03225806451612903,0.9090909090909091,1
30,0,Travel_Frequently,1312,Research & Development,23,3,Life Sciences,1,Male,96,1,1,Research Scientist,3,Divorced,2613,22310,1,0,25,4,3,3,10,2,2,10,7,0,9,237.54545454545453,10,2.3333333333333335,0,0,0.07142857142857142,0.9090909090909091,2
35,0,Travel_Rarely,1349,Research & Development,7,2,Life Sciences,3,Male,63,2,1,Laboratory Technician,4,Married,2690,7713,1,0,18,3,4,1,1,5,2,1,0,0,1,1345.0,1,3.6666666666666665,0,0,0.05263157894736842,0.5,1
32,0,Travel_Rarely,117,Sales,13,4,Life Sciences,2,Male,73,3,2,Sales Executive,4,Divorced,4403,9250,2,0,11,3,3,1,8,3,2,5,2,0,3,489.22222222222223,5,3.0,0,0,0.125,0.5555555555555556,0
34,0,Travel_Rarely,401,Research & Development,1,3,Life Sciences,4,Female,86,2,1,Laboratory Technician,2,Married,3294,3708,5,0,17,3,1,1,7,2,2,5,4,0,2,411.75,5,2.3333333333333335,0,0,0.2777777777777778,0.625,1
55,1,Travel_Rarely,725,Research & Development,2,3,Medical,4,Male,78,3,5,Manager,1,Married,19859,21199,5,1,13,3,4,1,24,2,3,5,2,1,4,794.36,4,3.0,0,0,0.1282051282051282,0.2,0
50,0,Non-Travel,881,Research & Development,2,4,Life Sciences,1,Male,98,3,4,Manager,1,Divorced,17924,4544,1,0,11,3,4,1,31,3,3,31,6,14,7,560.125,17,2.0,0,0,0.029411764705882353,0.96875,0
36,0,Travel_Rarely,329,Research & Development,2,3,Life Sciences,4,Female,96,3,1,Research Scientist,3,Married,2543,11868,4,0,13,3,2,1,6,3,3,2,2,2,2,363.2857142857143,0,3.0,0,0,0.2,0.2857142857142857,0
50,0,Travel_Frequently,1234,Research & Development,20,5,Medical,2,Male,41,3,4,Healthcare Representative,3,Married,11245,20689,2,1,15,3,3,1,32,3,3,30,8,12,13,340.75757575757575,18,2.6666666666666665,0,0,0.058823529411764705,0.9090909090909091,1
28,1,Travel_Rarely,1485,Research & Development,12,1,Life Sciences,3,Female,79,3,1,Laboratory Technician,4,Married,2515,22955,1,1,11,3,4,0,1,4,2,1,1,0,0,1257.5,1,3.6666666666666665,1,0,0.08333333333333333,0.5,1
31,0,Travel_Rarely,1463,Research & Development,23,3,Medical,2,Male,64,2,2,Healthcare Representative,4,Married,5582,14408,0,0,21,4,2,1,10,2,3,9,0,7,8,507.45454545454544,2,2.6666666666666665,0,1,0.0,0.8181818181818182,2
36,0,Travel_Rarely,1174,Sales,3,4,Marketing,1,Female,99,3,2,Sales Executive,2,Single,9278,20763,3,1,16,3,4,0,15,3,3,5,4,0,1,579.875,5,2.3333333333333335,0,0,0.15,0.3125,1
27,0,Travel_Frequently,294,Research & Development,10,2,Life Sciences,4,Male,32,3,3,Manufacturing Director,1,Divorced,8793,4809,1,0,21,4,3,2,9,4,2,9,7,1,7,879.3,8,2.6666666666666665,0,0,0.09090909090909091,0.9,0
32,0,Travel_Rarely,1401,Sales,4,2,Life Sciences,3,Female,56,3,1,Sales Representative,2,Married,3931,20990,2,0,11,3,1,1,6,5,3,4,3,1,2,561.5714285714286,3,2.0,0,0,0.125,0.5714285714285714,0
25,0,Travel_Rarely,180,Research & Development,2,1,Medical,1,Male,65,4,1,Research Scientist,1,Single,3424,21632,7,0,13,3,3,0,6,3,2,4,3,0,1,489.14285714285717,4,1.6666666666666667,0,0,0.7777777777777778,0.5714285714285714,1
40,0,Travel_Rarely,1398,Sales,2,4,Life Sciences,3,Female,79,3,5,Manager,3,Married,18041,13022,0,0,14,3,4,0,21,2,3,20,15,1,12,820.0454545454545,19,3.3333333333333335,0,0,0.0,0.9090909090909091,1
49,0,Travel_Rarely,301,Research & Development,22,4,Other,1,Female,72,3,4,Research Director,2,Married,16413,3498,3,0,16,3,2,2,27,2,3,4,2,1,2,586.1785714285714,3,1.6666666666666667,0,0,0.09090909090909091,0.14285714285714285,1
33,0,Travel_Frequently,1296,Research & Development,6,3,Life Sciences,3,Male,30,3,2,Healthcare Representative,4,Divorced,7725,5335,3,0,23,4,3,1,15,2,1,13,11,4,7,482.8125,9,3.3333333333333335,0,1,0.17647058823529413,0.8125,0
32,0,Travel_Rarely,827,Research & Development,1,1,Life Sciences,4,Male,71,3,1,Research Scientist,1,Single,2956,15178,1,0,13,3,4,0,1,2,3,1,0,0,0,1478.0,1,3.0,0,0,0.0625,0.5,1
36,0,Travel_Rarely,1157,Sales,2,4,Life Sciences,3,Male,70,3,1,Sales Representative,4,Single,2644,17001,3,1,21,4,4,0,7,3,2,3,2,1,2,330.5,2,3.6666666666666665,1,0,0.15,0.375,1
51,0,Travel_Rarely,1405,Research & Development,11,2,Technical Degree,4,Female,82,2,4,Manufacturing Director,2,Single,13142,24439,3,0,16,3,2,0,29,1,2,5,2,0,3,438.06666666666666,5,2.6666666666666665,0,0,0.08571428571428572,0.16666666666666666,2
30,1,Travel_Frequently,448,Sales,12,4,Life Sciences,2,Male,74,2,1,Sales Representative,1,Married,2033,14470,1,0,18,3,3,1,1,2,4,1,0,0,0,1016.5,1,2.0,0,0,0.07142857142857142,0.5,1
54,0,Travel_Rarely,584,Research & Development,22,5,Medical,2,Female,91,3,4,Manager,3,Married,17426,18685,3,0,25,4,3,1,36,6,3,10,8,4,7,470.97297297297297,6,2.6666666666666665,0,1,0.07894736842105263,0.2702702702702703,1
31,0,Travel_Frequently,1125,Sales,7,4,Marketing,1,Female,68,3,3,Sales Executive,1,Married,9637,8277,2,0,14,3,4,2,9,3,3,3,2,2,2,963.7,1,2.0,0,0,0.13333333333333333,0.3,0
35,0,Travel_Rarely,802,Research & Development,10,3,Other,2,Male,45,3,1,Laboratory Technician,4,Divorced,3917,9541,1,0,20,4,1,1,3,4,2,3,2,1,2,979.25,2,2.3333333333333335,0,0,0.05263157894736842,0.75,0
47,0,Travel_Rarely,207,Research & Development,9,4,Life Sciences,2,Female,64,3,1,Laboratory Technician,3,Single,2105,5411,4,0,12,3,3,0,7,2,3,2,2,2,0,263.125,0,2.6666666666666665,0,0,0.12903225806451613,0.25,1
45,0,Travel_Rarely,974,Research & Development,1,4,Medical,4,Female,91,3,1,Laboratory Technician,4,Divorced,2270,11005,3,0,14,3,4,2,8,2,3,5,3,0,2,252.22222222222223,5,4.0,0,0,0.10344827586206896,0.5555555555555556,0
27,0,Travel_Rarely,269,Research & Development,5,1,Technical Degree,3,Male,42,2,3,Research Director,4,Divorced,12808,8842,1,1,16,3,2,1,9,3,3,9,8,0,8,1280.8,9,3.0,0,0,0.09090909090909091,0.9,1
47,0,Travel_Rarely,1001,Research & Development,4,3,Life Sciences,3,Female,92,2,3,Manufacturing Director,2,Divorced,10333,19271,8,1,12,3,3,1,28,4,3,22,11,14,10,356.3103448275862,8,2.6666666666666665,0,0,0.25806451612903225,0.7586206896551724,1
55,0,Travel_Rarely,1229,Research & Development,4,4,Life Sciences,4,Male,30,3,2,Healthcare Representative,3,Married,4035,16143,0,1,16,3,2,0,4,2,3,3,2,1,2,807.0,2,3.0,0,0,0.0,0.6,1
54,0,Travel_Rarely,397,Human Resources,19,4,Medical,3,Male,88,3,3,Human Resources,2,Married,10725,6729,2,0,15,3,3,1,16,1,4,9,7,7,1,630.8823529411765,2,2.6666666666666665,0,0,0.05263157894736842,0.5294117647058824,1
31,0,Travel_Rarely,1232,Research & Development,7,4,Medical,3,Female,39,3,3,Manufacturing Director,4,Single,7143,25713,1,1,14,3,3,0,11,2,2,11,9,4,10,595.25,7,3.3333333333333335,1,0,0.06666666666666667,0.9166666666666666,1
41,0,Travel_Rarely,1276,Sales,2,5,Life Sciences,2,Female,91,3,4,Manager,1,Married,16595,5626,7,0,16,3,2,1,22,2,3,18,16,11,8,721.5217391304348,7,1.6666666666666667,0,0,0.28,0.782608695652174,0
29,0,Travel_Frequently,995,Research & Development,2,1,Life Sciences,1,Male,87,3,2,Healthcare Representative,4,Divorced,8853,24483,1,0,19,3,4,1,6,0,4,6,4,1,3,1264.7142857142858,5,3.0,0,0,0.07692307692307693,0.8571428571428571,0
39,0,Travel_Rarely,1462,Sales,6,3,Medical,4,Male,38,4,3,Sales Executive,3,Married,8237,4658,2,0,11,3,1,1,11,3,3,7,6,7,6,686.4166666666666,0,2.6666666666666665,0,0,0.08695652173913043,0.5833333333333334,0
39,0,Travel_Rarely,1132,Research & Development,1,3,Medical,3,Male,48,4,3,Healthcare Representative,4,Divorced,9613,10942,0,0,17,3,1,3,19,5,2,18,10,3,7,480.65,15,2.6666666666666665,0,0,0.0,0.9,0
31,0,Travel_Rarely,1222,Research & Development,11,4,Life Sciences,4,Male,48,3,1,Research Scientist,4,Married,2356,14871,3,1,19,3,2,1,8,2,3,6,4,0,2,261.77777777777777,6,3.3333333333333335,0,0,0.2,0.6666666666666666,0
35,0,Travel_Rarely,1276,Research & Development,16,3,Life Sciences,4,Male,72,3,3,Healthcare Representative,3,Married,7632,14295,4,1,12,3,3,0,10,2,3,8,7,0,0,693.8181818181819,8,3.3333333333333335,0,0,0.21052631578947367,0.7272727272727273,2
24,0,Travel_Rarely,506,Research & Development,29,1,Medical,2,Male,91,3,1,Laboratory Technician,1,Divorced,3907,3622,1,0,13,3,2,3,6,2,4,6,2,1,2,558.1428571428571,5,1.6666666666666667,0,0,0.125,0.8571428571428571,1
27,0,Travel_Frequently,472,Research & Development,1,1,Technical Degree,3,Male,60,2,2,Manufacturing Director,1,Married,4298,9679,5,0,19,3,3,1,6,1,3,2,2,2,0,614.0,0,2.3333333333333335,0,0,0.45454545454545453,0.2857142857142857,1
26,0,Travel_Rarely,390,Research & Development,17,4,Medical,4,Male,62,1,1,Laboratory Technician,3,Married,2305,6217,1,0,15,3,3,3,3,3,4,3,2,0,2,576.25,3,3.3333333333333335,0,0,0.1,0.75,2
43,0,Travel_Rarely,782,Research & Development,6,4,Other,2,Male,50,2,4,Research Director,4,Divorced,16627,2671,4,1,14,3,3,1,21,3,2,1,0,0,0,755.7727272727273,1,3.0,1,0,0.14814814814814814,0.045454545454545456,1
27,0,Travel_Rarely,1103,Research & Development,14,3,Life Sciences,1,Male,42,3,1,Research Scientist,1,Married,2235,14377,1,1,14,3,4,2,9,3,2,9,7,6,8,223.5,3,2.0,1,0,0.09090909090909091,0.9,0
36,0,Travel_Frequently,884,Research & Development,23,2,Medical,3,Male,41,4,2,Laboratory Technician,4,Married,2571,12290,4,0,17,3,3,1,17,3,3,5,2,0,3,142.83333333333334,5,3.3333333333333335,0,0,0.2,0.2777777777777778,1
31,1,Travel_Frequently,754,Sales,26,4,Marketing,1,Male,63,3,2,Sales Executive,4,Married,5617,21075,1,1,11,3,3,0,10,4,3,10,7,0,8,510.6363636363636,10,2.6666666666666665,0,0,0.06666666666666667,0.9090909090909091,2
50,0,Travel_Rarely,691,Research & Development,2,3,Medical,3,Male,64,3,4,Research Director,3,Married,17639,6881,5,0,16,3,4,0,30,3,3,4,3,0,3,569.0,4,3.3333333333333335,0,0,0.14705882352941177,0.12903225806451613,1
33,0,Non-Travel,750,Sales,22,2,Marketing,3,Male,95,3,2,Sales Executive,2,Married,6146,15480,0,0,13,3,1,1,8,2,4,7,7,0,7,682.8888888888889,7,2.0,0,0,0.0,0.7777777777777778,1
36,0,Non-Travel,217,Research & Development,18,4,Life Sciences,1,Male,78,3,2,Manufacturing Director,4,Single,7779,23238,2,0,20,4,1,0,18,0,3,11,9,0,9,409.42105263157896,11,2.0,0,0,0.1,0.5789473684210527,2
36,0,Travel_Rarely,1041,Human Resources,13,3,Human Resources,3,Male,36,3,1,Human Resources,2,Married,2143,25527,4,0,13,3,2,1,8,2,3,5,2,0,4,238.11111111111111,5,2.3333333333333335,0,0,0.2,0.5555555555555556,0
29,0,Non-Travel,1496,Research & Development,1,1,Technical Degree,4,Male,41,3,2,Manufacturing Director,3,Married,4319,26283,1,0,13,3,1,1,10,1,3,10,7,0,9,392.6363636363636,10,2.6666666666666665,0,0,0.07692307692307693,0.9090909090909091,0
26,0,Travel_Rarely,1355,Human Resources,25,1,Life Sciences,3,Female,61,3,1,Human Resources,3,Married,2942,8916,1,0,23,4,4,1,8,3,3,8,7,5,7,326.8888888888889,3,3.3333333333333335,0,1,0.1,0.8888888888888888,1
43,0,Non-Travel,1344,Research & Development,7,3,Medical,4,Male,37,4,1,Research Scientist,4,Divorced,2089,5228,4,0,14,3,4,3,7,3,4,5,4,2,2,261.125,3,4.0,0,0,0.14814814814814814,0.625,0
34,0,Travel_Rarely,204,Sales,14,3,Technical Degree,3,Female,31,3,1,Sales Representative,3,Divorced,2579,2912,1,1,18,3,4,2,8,3,3,8,2,0,6,286.55555555555554,8,3.3333333333333335,0,0,0.05555555555555555,0.8888888888888888,0
47,0,Non-Travel,543,Sales,2,4,Marketing,3,Male,87,3,2,Sales Executive,2,Married,4978,3536,7,0,11,3,4,1,4,3,1,1,0,0,0,995.6,1,3.0,0,0,0.22580645161290322,0.2,0
45,0,Travel_Rarely,1385,Research & Development,20,2,Medical,3,Male,79,3,4,Healthcare Representative,4,Married,13496,7501,0,1,14,3,2,0,21,2,3,20,7,4,10,613.4545454545455,16,3.0,0,0,0.0,0.9090909090909091,2
47,0,Travel_Rarely,359,Research & Development,2,4,Medical,1,Female,82,3,4,Research Director,3,Married,17169,26703,3,0,19,3,2,2,26,2,4,20,17,5,6,635.8888888888889,15,2.0,0,0,0.0967741935483871,0.7407407407407407,0
32,1,Travel_Rarely,414,Sales,2,4,Marketing,3,Male,82,2,2,Sales Executive,2,Single,9907,26186,7,1,12,3,3,0,7,3,2,2,2,2,2,1238.375,0,2.6666666666666665,1,0,0.4375,0.25,2
53,0,Travel_Rarely,447,Research & Development,2,3,Medical,4,Male,39,4,4,Research Director,2,Single,16598,19764,4,0,12,3,2,0,35,2,2,9,8,8,8,461.05555555555554,1,2.6666666666666665,0,0,0.10810810810810811,0.25,1
34,0,Travel_Rarely,131,Sales,2,3,Marketing,3,Female,86,3,2,Sales Executive,1,Single,4538,6039,0,1,12,3,4,0,4,3,3,3,2,0,2,907.6,3,2.6666666666666665,0,0,0.0,0.6,1
39,0,Travel_Rarely,524,Research & Development,18,2,Life Sciences,1,Male,32,3,2,Manufacturing Director,3,Single,4534,13352,0,0,11,3,1,0,9,6,3,8,7,1,7,453.4,7,1.6666666666666667,0,0,0.0,0.8,2
28,0,Non-Travel,120,Sales,4,3,Medical,2,Male,43,3,2,Sales Executive,3,Married,4221,8863,1,0,15,3,2,0,5,3,4,5,4,0,4,703.5,5,2.3333333333333335,0,0,0.08333333333333333,0.8333333333333334,1
48,0,Travel_Frequently,117,Research & Development,22,3,Medical,4,Female,58,3,4,Manager,4,Divorced,17174,2437,3,0,11,3,2,1,24,3,3,22,17,4,7,686.96,18,3.3333333333333335,0,0,0.09375,0.88,1
37,0,Travel_Rarely,1319,Research & Development,6,3,Medical,3,Male,51,4,2,Research Scientist,1,Divorced,5974,17001,4,1,13,3,1,2,13,2,3,7,7,6,7,426.7142857142857,1,1.6666666666666667,0,0,0.19047619047619047,0.5,0
22,1,Travel_Rarely,617,Research & Development,3,1,Life Sciences,2,Female,34,3,2,Manufacturing Director,3,Married,4171,10022,0,1,19,3,1,1,4,3,4,3,2,0,2,834.2,3,2.0,0,0,0.0,0.6,0
46,0,Travel_Rarely,1009,Research & Development,2,3,Life Sciences,1,Male,51,3,4,Research Director,3,Married,17861,2288,6,0,13,3,3,0,26,2,1,3,2,0,1,661.5185185185185,3,2.3333333333333335,0,0,0.2,0.1111111111111111,1
46,0,Travel_Rarely,717,Research & Development,13,4,Life Sciences,3,Male,34,3,2,Healthcare Representative,2,Single,5562,9697,6,0,14,3,4,0,19,3,3,10,7,0,9,278.1,10,3.0,0,0,0.2,0.5,1
47,0,Travel_Rarely,703,Sales,14,4,Marketing,4,Male,42,3,2,Sales Executive,1,Single,4960,11825,2,0,12,3,4,0,20,2,3,7,7,1,7,236.1904761904762,6,3.0,0,0,0.06451612903225806,0.3333333333333333,1
24,0,Travel_Frequently,897,Human Resources,10,3,Medical,1,Male,59,3,1,Human Resources,4,Married,2145,2097,0,0,14,3,4,1,3,2,3,2,2,2,1,536.25,0,3.0,0,0,0.0,0.5,0
42,0,Travel_Rarely,1396,Research & Development,6,3,Medical,3,Male,83,3,3,Research Director,1,Married,13348,14842,9,0,13,3,2,1,18,3,4,13,7,5,7,702.5263157894736,8,2.0,0,0,0.34615384615384615,0.6842105263157895,0
44,0,Travel_Frequently,1193,Research & Development,2,1,Medical,2,Male,86,3,3,Manufacturing Director,3,Single,10209,19719,5,1,18,3,2,0,16,2,2,2,2,2,2,600.5294117647059,0,2.3333333333333335,1,0,0.17857142857142858,0.11764705882352941,1
44,0,Travel_Rarely,1037,Research & Development,1,3,Medical,2,Male,42,3,1,Research Scientist,4,Single,2436,13422,6,1,12,3,3,0,6,2,3,4,3,1,2,348.0,3,3.0,0,0,0.21428571428571427,0.5714285714285714,1
54,0,Travel_Rarely,971,Research & Development,1,3,Medical,4,Female,54,3,4,Research Director,4,Single,17328,5652,6,0,19,3,4,0,29,3,2,20,7,12,7,577.6,8,4.0,0,0,0.15789473684210525,0.6666666666666666,1
45,0,Travel_Rarely,176,Human Resources,4,3,Life Sciences,3,Female,56,1,3,Human Resources,3,Married,9756,6595,4,0,21,4,3,2,9,2,4,5,0,0,3,975.6,5,3.0,0,0,0.13793103448275862,0.5,1
27,0,Non-Travel,443,Research & Development,3,3,Medical,4,Male,50,3,1,Research Scientist,4,Married,1706,16571,1,0,11,3,3,3,0,6,2,0,0,0,0,1706.0,0,3.6666666666666665,0,0,0.09090909090909091,0.0,0
30,1,Travel_Frequently,464,Research & Development,4,3,Technical Degree,3,Male,40,3,1,Research Scientist,4,Single,2285,3427,9,1,23,4,3,0,3,4,3,1,0,0,0,571.25,1,3.3333333333333335,0,0,0.6428571428571429,0.25,1
27,0,Travel_Rarely,1134,Research & Development,16,4,Technical Degree,3,Female,37,3,1,Laboratory Technician,2,Married,2811,12086,9,0,14,3,2,1,4,2,3,2,2,2,2,562.2,0,2.3333333333333335,0,0,0.8181818181818182,0.4,1
29,0,Travel_Rarely,1010,Research & Development,1,3,Life Sciences,1,Female,97,3,1,Research Scientist,4,Divorced,3760,5598,1,0,15,3,1,3,3,5,3,3,2,1,2,940.0,2,2.0,0,0,0.07692307692307693,0.75,0
26,1,Travel_Frequently,887,Research & Development,5,2,Medical,3,Female,88,2,1,Research Scientist,3,Married,2366,20898,1,1,14,3,1,1,8,2,3,8,7,1,7,262.8888888888889,7,2.3333333333333335,0,0,0.1,0.8888888888888888,1
36,0,Travel_Rarely,1040,Research & Development,3,2,Life Sciences,4,Male,79,4,2,Healthcare Representative,1,Divorced,6842,26308,6,0,20,4,1,1,13,3,3,5,4,0,4,488.7142857142857,5,2.0,0,0,0.3,0.35714285714285715,0
29,0,Travel_Rarely,738,Research & Development,9,5,Other,2,Male,30,2,1,Laboratory Technician,4,Single,3983,7621,0,0,17,3,3,0,4,2,3,3,2,2,2,796.6,1,3.0,0,0,0.0,0.6,2
33,1,Travel_Rarely,118,Sales,16,3,Marketing,1,Female,69,3,2,Sales Executive,1,Single,5324,26507,5,0,15,3,3,0,6,3,3,3,2,0,2,760.5714285714286,3,1.6666666666666667,0,0,0.29411764705882354,0.42857142857142855,2
54,0,Travel_Rarely,1441,Research & Development,17,3,Technical Degree,3,Female,56,3,3,Manufacturing Director,3,Married,10739,13943,8,0,11,3,3,1,22,2,3,10,7,0,8,466.9130434782609,10,3.0,0,0,0.21052631578947367,0.43478260869565216,1
31,1,Travel_Rarely,1365,Sales,13,4,Medical,2,Male,46,3,2,Sales Executive,1,Divorced,4233,11512,2,0,17,3,3,0,9,2,1,3,1,1,2,423.3,2,2.0,0,0,0.13333333333333333,0.3,1
40,0,Travel_Rarely,1300,Research & Development,24,2,Technical Degree,1,Male,62,3,2,Research Scientist,4,Divorced,3319,24447,1,0,17,3,1,2,9,3,3,9,8,4,7,331.9,5,2.0,0,0,0.041666666666666664,0.9,1
47,0,Travel_Rarely,1176,Human Resources,26,4,Life Sciences,4,Female,98,3,5,Manager,3,Married,19658,5220,3,0,11,3,3,1,27,2,3,5,2,1,0,702.0714285714286,4,3.3333333333333335,0,0,0.0967741935483871,0.17857142857142858,1
30,0,Travel_Frequently,1312,Research & Development,2,4,Technical Degree,4,Female,78,2,1,Research Scientist,1,Single,4968,26427,0,0,16,3,4,0,10,2,3,9,7,0,7,451.6363636363636,9,3.0,0,0,0.0,0.8181818181818182,2
31,0,Travel_Rarely,670,Research & Development,26,1,Life Sciences,1,Male,31,3,1,Research Scientist,3,Divorced,2911,15170,1,0,17,3,4,1,5,1,2,5,2,4,3,485.1666666666667,1,2.6666666666666665,0,0,0.06666666666666667,0.8333333333333334,1
38,0,Travel_Frequently,653,Research & Development,29,5,Life Sciences,4,Female,50,3,2,Laboratory Technician,4,Single,2406,5456,1,0,11,3,4,0,10,2,3,10,3,9,9,218.72727272727272,1,4.0,0,0,0.045454545454545456,0.9090909090909091,2
35,0,Travel_Rarely,1296,Research & Development,5,4,Technical Degree,3,Male,62,3,3,Manufacturing Director,2,Single,8095,18264,0,0,13,3,4,0,17,5,3,16,6,0,13,449.72222222222223,16,3.0,0,0,0.0,0.8888888888888888,1
56,0,Travel_Rarely,1369,Research & Development,23,3,Life Sciences,4,Male,68,3,4,Manufacturing Director,2,Married,13402,18235,4,1,12,3,1,1,33,0,3,19,16,15,9,394.1764705882353,4,2.3333333333333335,0,0,0.1,0.5588235294117647,1
37,0,Travel_Frequently,319,Sales,4,4,Marketing,1,Male,41,3,1,Sales Representative,4,Divorced,2793,2539,4,0,17,3,3,1,13,2,3,9,8,5,8,199.5,4,2.6666666666666665,0,0,0.19047619047619047,0.6428571428571429,0
34,0,Non-Travel,1065,Sales,23,4,Marketing,2,Male,72,3,2,Sales Executive,3,Single,4568,10034,0,0,20,4,3,0,10,2,3,9,5,8,7,415.27272727272725,1,2.6666666666666665,0,1,0.0,0.8181818181818182,2
41,1,Travel_Rarely,1085,Research & Development,2,4,Life Sciences,2,Female,57,1,1,Laboratory Technician,4,Divorced,2778,17725,4,1,13,3,3,1,10,1,2,7,7,1,0,252.54545454545453,6,3.0,1,0,0.16,0.6363636363636364,1
40,0,Travel_Rarely,543,Research & Development,1,4,Life Sciences,1,Male,83,3,1,Laboratory Technician,4,Married,2406,4060,8,0,19,3,3,2,8,3,2,1,0,0,0,267.3333333333333,1,2.6666666666666665,0,0,0.3333333333333333,0.1111111111111111,0
50,0,Travel_Rarely,1126,Research & Development,1,2,Medical,4,Male,66,3,4,Research Director,4,Divorced,17399,6615,9,0,22,4,3,1,32,1,2,5,4,1,3,527.2424242424242,4,3.6666666666666665,0,0,0.2647058823529412,0.15151515151515152,0
39,0,Non-Travel,1485,Research & Development,25,2,Life Sciences,3,Male,71,3,3,Healthcare Representative,3,Married,10920,3449,3,0,21,4,2,1,13,2,3,6,4,0,5,780.0,6,2.6666666666666665,0,0,0.13043478260869565,0.42857142857142855,1
21,0,Travel_Rarely,984,Research & Development,1,1,Technical Degree,4,Female,70,2,1,Research Scientist,2,Single,2070,25326,1,1,11,3,3,0,2,6,4,2,2,2,2,690.0,0,3.0,0,0,0.2,0.6666666666666666,2
38,0,Non-Travel,1336,Human Resources,2,3,Human Resources,1,Male,100,3,1,Human Resources,2,Divorced,2592,7129,5,0,13,3,4,3,13,3,3,11,10,3,8,185.14285714285714,8,2.3333333333333335,0,0,0.22727272727272727,0.7857142857142857,0
39,0,Travel_Rarely,1253,Research & Development,10,1,Medical,3,Male,65,3,3,Research Director,3,Single,13464,7914,7,0,21,4,3,0,9,3,3,4,3,2,2,1346.4,2,3.0,0,0,0.30434782608695654,0.4,1
34,0,Travel_Rarely,735,Sales,3,1,Medical,4,Female,75,2,2,Sales Executive,4,Married,8103,16495,3,1,12,3,3,0,9,3,2,4,2,0,1,810.3,4,3.6666666666666665,1,0,0.16666666666666666,0.4,2
39,1,Travel_Rarely,360,Research & Development,23,3,Medical,3,Male,93,3,1,Research Scientist,1,Single,3904,22154,0,0,13,3,1,0,6,2,3,5,2,0,3,557.7142857142857,5,1.6666666666666667,0,0,0.0,0.7142857142857143,2
32,1,Travel_Frequently,238,Research & Development,5,2,Life Sciences,1,Female,47,4,1,Research Scientist,3,Single,2432,15318,3,1,14,3,1,0,8,2,3,4,1,0,3,270.22222222222223,4,1.6666666666666667,0,0,0.1875,0.4444444444444444,1
33,0,Travel_Rarely,134,Research & Development,2,3,Life Sciences,3,Male,90,3,1,Research Scientist,4,Single,2500,10515,0,0,14,3,1,0,4,2,4,3,1,0,2,500.0,3,2.6666666666666665,0,0,0.0,0.6,1
38,0,Travel_Rarely,243,Sales,7,4,Marketing,4,Female,46,2,2,Sales Executive,4,Single,4028,7791,0,0,20,4,1,0,8,2,3,7,7,0,5,447.55555555555554,7,3.0,0,0,0.0,0.7777777777777778,2
45,0,Travel_Rarely,1448,Research & Development,29,3,Technical Degree,2,Male,55,3,3,Manufacturing Director,4,Married,9380,14720,4,1,18,3,4,2,10,4,4,3,1,1,2,852.7272727272727,2,3.3333333333333335,0,0,0.13793103448275862,0.2727272727272727,1
39,0,Travel_Frequently,711,Research & Development,4,3,Medical,1,Female,81,3,2,Manufacturing Director,3,Single,5042,3140,0,0,13,3,4,0,10,2,1,9,2,3,8,458.3636363636364,6,2.6666666666666665,0,0,0.0,0.8181818181818182,1
56,0,Travel_Rarely,713,Research & Development,8,3,Life Sciences,3,Female,67,3,1,Research Scientist,1,Divorced,4257,13939,4,1,18,3,3,1,19,3,3,2,2,2,2,212.85,0,2.3333333333333335,0,0,0.1,0.1,0
46,0,Travel_Rarely,1485,Research & Development,18,3,Medical,3,Female,87,3,2,Manufacturing Director,3,Divorced,4810,26314,2,0,14,3,3,1,19,5,2,10,7,0,8,240.5,10,3.0,0,0,0.06666666666666667,0.5,1
33,0,Travel_Frequently,515,Research & Development,1,2,Life Sciences,1,Female,98,3,3,Research Director,4,Single,13458,15146,1,1,12,3,3,0,15,1,3,15,14,8,12,841.125,7,2.6666666666666665,0,0,0.058823529411764705,0.9375,1
53,0,Travel_Rarely,1376,Sales,2,2,Medical,3,Male,45,3,4,Manager,3,Divorced,14852,13938,6,0,13,3,3,1,22,3,4,17,13,15,2,645.7391304347826,2,3.0,0,0,0.16216216216216217,0.7391304347826086,0
30,0,Travel_Rarely,317,Research & Development,2,3,Life Sciences,3,Female,43,1,2,Manufacturing Director,4,Single,6091,24793,2,0,20,4,3,0,11,2,3,5,4,0,2,507.5833333333333,5,3.3333333333333335,0,0,0.14285714285714285,0.4166666666666667,2
47,0,Travel_Rarely,1482,Research & Development,5,5,Life Sciences,4,Male,42,3,5,Research Director,3,Married,18300,16375,4,0,11,3,2,1,21,2,3,3,2,1,1,831.8181818181819,2,3.0,0,0,0.12903225806451613,0.13636363636363635,0
25,0,Travel_Rarely,810,Sales,8,3,Life Sciences,4,Male,57,4,2,Sales Executive,2,Married,4851,15678,0,0,22,4,3,1,4,4,3,3,2,1,2,970.2,2,3.0,0,0,0.0,0.6,0
28,1,Travel_Rarely,329,Research & Development,24,3,Medical,3,Male,51,3,1,Laboratory Technician,2,Married,2408,7324,1,1,17,3,3,3,1,3,3,1,1,0,0,1204.0,1,2.6666666666666665,0,0,0.08333333333333333,0.5,1
35,1,Travel_Rarely,556,Research & Development,23,2,Life Sciences,2,Male,50,2,2,Manufacturing Director,3,Married,5916,15497,3,1,13,3,1,0,8,1,3,1,0,0,1,657.3333333333334,1,2.0,0,0,0.15789473684210525,0.1111111111111111,3
43,0,Travel_Frequently,957,Research & Development,28,3,Medical,2,Female,72,4,1,Research Scientist,3,Single,4739,16090,4,0,12,3,4,0,18,2,3,3,2,1,2,249.42105263157896,2,3.0,0,0,0.14814814814814814,0.15789473684210525,2
43,0,Travel_Rarely,1001,Research & Development,7,3,Life Sciences,3,Female,43,3,3,Healthcare Representative,1,Married,9985,9262,8,0,16,3,1,1,10,1,2,1,0,0,0,907.7272727272727,1,1.6666666666666667,0,0,0.2962962962962963,0.09090909090909091,0
46,1,Travel_Rarely,261,Research & Development,21,2,Medical,4,Female,66,3,2,Healthcare Representative,2,Married,8926,10842,4,0,22,4,4,1,13,2,4,9,7,3,7,637.5714285714286,6,3.3333333333333335,0,0,0.13333333333333333,0.6428571428571429,1
22,0,Travel_Rarely,1136,Research & Development,5,3,Life Sciences,4,Male,60,4,1,Research Scientist,2,Divorced,2328,12392,1,1,16,3,1,1,4,2,2,4,2,2,2,465.6,2,2.3333333333333335,1,0,0.16666666666666666,0.8,0
42,0,Travel_Rarely,647,Sales,4,4,Marketing,2,Male,45,3,2,Sales Executive,1,Single,5155,2253,7,0,13,3,4,0,9,3,4,6,4,1,5,515.5,5,2.3333333333333335,0,0,0.2692307692307692,0.6,1
34,0,Travel_Rarely,1130,Research & Development,3,3,Life Sciences,4,Female,66,3,2,Research Scientist,2,Divorced,5433,19332,1,0,12,3,3,1,11,2,3,11,8,7,9,452.75,4,3.0,0,0,0.05555555555555555,0.9166666666666666,0
48,0,Travel_Rarely,1469,Research & Development,20,4,Medical,4,Male,51,3,1,Research Scientist,3,Married,2259,5543,4,0,17,3,1,2,13,2,2,0,0,0,0,161.35714285714286,0,2.6666666666666665,0,0,0.125,0.0,1
34,0,Travel_Frequently,653,Research & Development,10,4,Technical Degree,4,Male,92,2,2,Healthcare Representative,3,Married,5063,15332,1,0,14,3,2,1,8,3,2,8,2,7,7,562.5555555555555,1,3.0,0,0,0.05555555555555555,0.8888888888888888,1
55,0,Travel_Rarely,111,Sales,1,2,Life Sciences,1,Male,70,3,3,Sales Executive,4,Married,10239,18092,3,0,14,3,4,1,24,4,3,1,0,1,0,409.56,0,3.0,0,0,0.07692307692307693,0.04,0
47,0,Travel_Rarely,1180,Research & Development,25,3,Medical,1,Male,84,3,3,Healthcare Representative,3,Single,8633,13084,2,0,23,4,2,0,25,3,3,17,14,12,11,332.03846153846155,5,2.0,0,1,0.06451612903225806,0.6538461538461539,2
52,0,Non-Travel,715,Research & Development,19,4,Medical,4,Male,41,3,1,Research Scientist,4,Married,4258,26589,0,0,18,3,1,1,5,3,3,4,3,1,2,709.6666666666666,3,3.0,0,0,0.0,0.6666666666666666,1
20,0,Travel_Rarely,727,Sales,9,1,Life Sciences,4,Male,54,3,1,Sales Representative,1,Single,2728,21082,1,0,11,3,1,0,2,3,3,2,2,0,2,909.3333333333334,2,2.0,0,0,0.25,0.6666666666666666,1
35,0,Travel_Rarely,1137,Research & Development,21,1,Life Sciences,4,Female,51,3,2,Healthcare Representative,4,Married,4014,19170,1,1,25,4,4,1,10,2,1,10,6,0,7,364.90909090909093,10,4.0,1,0,0.05263157894736842,0.9090909090909091,1
44,0,Travel_Rarely,1459,Research & Development,10,4,Other,4,Male,41,3,2,Healthcare Representative,4,Married,6465,19121,2,1,13,3,4,0,9,5,4,4,2,1,3,646.5,3,4.0,0,0,0.07142857142857142,0.4,1
23,0,Travel_Rarely,885,Research & Development,4,3,Medical,1,Male,58,4,1,Research Scientist,1,Married,2819,8544,2,0,16,3,1,1,5,3,4,3,2,0,2,469.8333333333333,3,1.0,0,0,0.2857142857142857,0.5,0
38,0,Travel_Rarely,201,Research & Development,10,3,Medical,2,Female,99,1,3,Research Director,3,Married,13206,3376,3,0,12,3,1,1,20,3,3,18,16,1,11,628.8571428571429,17,2.0,0,0,0.13636363636363635,0.8571428571428571,1
45,0,Travel_Rarely,1038,Research & Development,20,3,Medical,2,Male,95,1,3,Healthcare Representative,1,Divorced,10851,19863,2,1,18,3,2,1,24,2,3,7,7,0,7,434.04,7,1.6666666666666667,0,0,0.06896551724137931,0.28,2
32,1,Travel_Rarely,964,Sales,1,2,Life Sciences,1,Male,34,1,2,Sales Executive,2,Single,6735,12147,6,0,15,3,2,0,10,2,3,0,0,0,0,612.2727272727273,0,1.6666666666666667,0,0,0.375,0.0,2
40,1,Travel_Rarely,575,Sales,22,2,Marketing,3,Male,68,2,2,Sales Executive,3,Married,6380,6110,2,1,12,3,1,2,8,6,3,6,4,1,0,708.8888888888889,5,2.3333333333333335,0,0,0.08333333333333333,0.6666666666666666,2
35,0,Travel_Rarely,1361,Sales,17,4,Life Sciences,3,Male,94,3,2,Sales Executive,1,Married,8966,21026,3,1,15,3,4,3,15,2,3,7,7,1,7,560.375,6,2.6666666666666665,0,0,0.15789473684210525,0.4375,1
53,0,Travel_Rarely,346,Research & Development,6,3,Life Sciences,4,Male,86,3,2,Laboratory Technician,4,Single,2450,10919,2,0,17,3,4,0,19,4,3,2,2,2,2,122.5,0,4.0,0,0,0.05405405405405406,0.1,1
32,0,Travel_Rarely,604,Sales,8,3,Medical,3,Male,56,4,2,Sales Executive,4,Married,6209,11693,1,0,15,3,3,2,10,4,4,10,7,0,8,564.4545454545455,10,3.3333333333333335,0,0,0.0625,0.9090909090909091,0
34,0,Travel_Rarely,704,Sales,28,3,Marketing,4,Female,95,2,2,Sales Executive,3,Married,6712,8978,1,0,21,4,4,2,8,2,3,8,7,1,7,745.7777777777778,7,3.6666666666666665,0,0,0.05555555555555555,0.8888888888888888,2
27,0,Travel_Rarely,1157,Research & Development,17,3,Technical Degree,3,Male,51,3,1,Research Scientist,2,Married,3058,13364,0,1,16,3,4,1,6,3,2,5,2,1,1,436.85714285714283,4,3.0,1,0,0.0,0.7142857142857143,1
42,0,Travel_Frequently,748,Research & Development,9,2,Medical,1,Female,74,3,1,Laboratory Technician,4,Single,3673,16458,1,0,13,3,3,0,12,3,3,12,9,5,8,282.53846153846155,7,2.6666666666666665,0,0,0.038461538461538464,0.9230769230769231,1
28,0,Travel_Frequently,783,Sales,1,2,Life Sciences,3,Male,42,2,2,Sales Executive,4,Married,6834,19255,1,1,12,3,3,1,7,2,3,7,7,0,7,854.25,7,3.3333333333333335,0,0,0.08333333333333333,0.875,1
45,0,Travel_Rarely,194,Research & Development,9,3,Life Sciences,2,Male,60,3,2,Laboratory Technician,2,Divorced,2348,10901,8,0,18,3,3,1,20,2,1,17,9,0,15,111.80952380952381,17,2.3333333333333335,0,0,0.27586206896551724,0.8095238095238095,0
40,0,Travel_Rarely,616,Research & Development,2,2,Life Sciences,3,Female,99,3,1,Laboratory Technician,1,Married,3377,25605,4,0,17,3,4,1,7,5,2,4,3,0,2,422.125,4,2.6666666666666665,0,0,0.16666666666666666,0.5,0
52,0,Travel_Rarely,258,Research & Development,8,4,Other,3,Female,54,3,1,Laboratory Technician,1,Married,2950,17363,9,0,13,3,3,0,12,2,1,5,4,0,4,226.92307692307693,5,2.3333333333333335,0,0,0.25,0.38461538461538464,1
18,0,Non-Travel,1124,Research & Development,1,3,Life Sciences,4,Female,97,3,1,Laboratory Technician,4,Single,1611,19305,1,0,15,3,3,0,0,5,4,0,0,0,0,1611.0,0,3.6666666666666665,0,0,0.5,0.0,1
35,0,Travel_Rarely,817,Research & Development,1,3,Medical,4,Female,60,2,2,Laboratory Technician,4,Married,5363,10846,0,0,12,3,2,1,10,0,3,9,7,0,0,487.54545454545456,9,3.3333333333333335,0,0,0.0,0.8181818181818182,1
46,0,Travel_Rarely,150,Research & Development,2,4,Technical Degree,4,Male,60,3,2,Manufacturing Director,4,Divorced,7379,17433,2,0,11,3,3,1,12,3,2,6,3,1,4,567.6153846153846,5,3.6666666666666665,0,0,0.06666666666666667,0.46153846153846156,0
42,0,Travel_Rarely,269,Research & Development,2,3,Medical,4,Female,56,2,1,Laboratory Technician,1,Divorced,2593,8007,0,1,11,3,3,1,10,4,3,9,6,7,8,235.72727272727272,2,2.6666666666666665,0,0,0.0,0.8181818181818182,1
34,0,Travel_Rarely,829,Human Resources,3,2,Human Resources,3,Male,88,3,1,Human Resources,4,Married,3737,2243,0,0,19,3,3,1,4,1,1,3,2,0,2,747.4,3,3.3333333333333335,0,0,0.0,0.6,0
42,0,Travel_Rarely,1059,Research & Development,9,2,Other,4,Male,93,2,5,Manager,4,Single,19613,26362,8,0,22,4,4,0,24,2,3,1,0,0,1,784.52,1,4.0,0,0,0.3076923076923077,0.04,2
53,0,Travel_Rarely,868,Sales,8,3,Marketing,1,Male,73,3,4,Sales Executive,4,Married,11836,22789,5,0,14,3,3,1,28,3,3,2,0,2,2,408.13793103448273,0,2.6666666666666665,0,0,0.13513513513513514,0.06896551724137931,0
30,0,Travel_Rarely,1339,Sales,5,3,Life Sciences,2,Female,41,3,3,Sales Executive,4,Married,9419,8053,2,0,12,3,3,1,12,2,3,10,9,7,4,724.5384615384615,3,3.0,0,0,0.14285714285714285,0.7692307692307693,0
54,0,Travel_Rarely,548,Research & Development,8,4,Life Sciences,3,Female,42,3,2,Laboratory Technician,3,Single,3780,23428,7,0,11,3,3,0,19,3,3,1,0,0,0,189.0,1,3.0,0,0,0.18421052631578946,0.05,1
31,0,Travel_Rarely,746,Research & Development,8,4,Life Sciences,3,Female,61,3,2,Manufacturing Director,4,Single,4424,20682,1,0,23,4,4,0,11,2,3,11,7,1,8,368.6666666666667,10,3.6666666666666665,0,0,0.06666666666666667,0.9166666666666666,1
29,0,Travel_Rarely,592,Research & Development,7,3,Life Sciences,4,Male,59,3,1,Laboratory Technician,1,Single,2062,19384,3,0,14,3,2,0,11,2,3,3,2,1,2,171.83333333333334,2,2.3333333333333335,0,0,0.23076923076923078,0.25,1
31,0,Non-Travel,325,Research & Development,5,3,Medical,2,Male,74,3,2,Manufacturing Director,1,Single,9936,3787,0,0,19,3,2,0,10,2,3,9,4,1,7,903.2727272727273,8,1.6666666666666667,0,0,0.0,0.8181818181818182,1
31,0,Travel_Rarely,1332,Research & Development,11,2,Medical,3,Male,80,3,2,Healthcare Representative,1,Married,6833,17089,1,1,12,3,4,0,6,2,2,6,5,0,1,976.1428571428571,6,2.6666666666666665,1,0,0.06666666666666667,0.8571428571428571,1
33,0,Travel_Frequently,1303,Research & Development,7,2,Life Sciences,4,Male,36,3,2,Healthcare Representative,3,Divorced,5968,18079,1,0,20,4,3,3,9,2,3,9,7,2,8,596.8,7,3.3333333333333335,0,0,0.058823529411764705,0.9,0
20,1,Travel_Rarely,129,Research & Development,4,3,Technical Degree,1,Male,84,3,1,Laboratory Technician,1,Single,2973,13008,1,0,19,3,2,0,1,2,3,1,0,0,0,1486.5,1,1.3333333333333333,0,0,0.25,0.5,1
49,0,Travel_Rarely,1245,Research & Development,18,4,Life Sciences,4,Male,58,2,5,Research Director,3,Divorced,19502,2125,1,1,17,3,3,1,31,5,3,31,9,0,9,609.4375,31,3.3333333333333335,0,0,0.030303030303030304,0.96875,2
49,0,Travel_Rarely,1261,Research & Development,7,3,Other,2,Male,31,2,3,Healthcare Representative,3,Single,10965,12066,8,0,24,4,3,0,26,2,3,5,2,0,0,406.1111111111111,5,2.6666666666666665,0,0,0.24242424242424243,0.18518518518518517,2
55,0,Travel_Frequently,135,Research & Development,18,4,Medical,3,Male,62,3,2,Healthcare Representative,2,Married,6385,12992,3,1,14,3,4,2,17,3,3,8,7,6,7,354.72222222222223,2,3.0,0,0,0.07692307692307693,0.4444444444444444,1
24,0,Travel_Rarely,1127,Research & Development,18,1,Life Sciences,2,Male,52,3,1,Laboratory Technician,3,Married,2774,13257,0,0,12,3,3,1,6,2,3,5,3,1,2,396.2857142857143,4,2.6666666666666665,0,0,0.0,0.7142857142857143,1
58,1,Travel_Rarely,601,Research & Development,7,4,Medical,3,Female,53,2,3,Manufacturing Director,1,Married,10008,12023,7,1,14,3,4,0,31,0,2,10,9,5,9,312.75,5,2.6666666666666665,1,0,0.16666666666666666,0.3125,2
33,0,Travel_Rarely,654,Research & Development,5,3,Life Sciences,4,Male,34,2,3,Healthcare Representative,4,Divorced,7119,21214,4,0,15,3,3,1,9,2,3,3,2,1,2,711.9,2,3.6666666666666665,0,0,0.23529411764705882,0.3,1
37,0,Non-Travel,1413,Research & Development,5,2,Technical Degree,3,Male,84,4,1,Laboratory Technician,3,Single,3500,25470,0,0,14,3,1,0,7,2,1,6,5,1,3,437.5,5,2.3333333333333335,0,0,0.0,0.75,1
37,0,Travel_Rarely,290,Research & Development,21,3,Life Sciences,2,Male,65,4,1,Research Scientist,1,Married,3564,22977,1,1,12,3,1,1,8,3,2,8,7,1,7,396.0,7,1.3333333333333333,1,0,0.047619047619047616,0.8888888888888888,1
24,0,Travel_Rarely,1476,Sales,4,1,Medical,4,Female,42,3,2,Sales Executive,3,Married,4162,15211,1,1,12,3,3,2,5,3,3,5,4,0,3,693.6666666666666,5,3.3333333333333335,0,0,0.125,0.8333333333333334,0
58,0,Non-Travel,390,Research & Development,1,4,Life Sciences,4,Male,32,1,2,Healthcare Representative,3,Divorced,5660,17056,2,1,13,3,4,1,12,2,3,5,3,1,2,435.38461538461536,4,3.6666666666666665,0,0,0.047619047619047616,0.38461538461538464,1
32,1,Travel_Frequently,1125,Research & Development,16,1,Life Sciences,2,Female,72,1,1,Research Scientist,1,Single,3919,4681,1,1,22,4,2,0,10,5,3,10,2,6,7,356.27272727272725,4,1.6666666666666667,0,1,0.0625,0.9090909090909091,3
20,1,Travel_Frequently,769,Sales,9,3,Marketing,4,Female,54,3,1,Sales Representative,4,Single,2323,17205,1,1,14,3,2,0,2,3,3,2,2,0,2,774.3333333333334,2,3.3333333333333335,0,0,0.25,0.6666666666666666,1
43,0,Travel_Frequently,394,Sales,26,2,Life Sciences,3,Male,92,3,4,Manager,4,Married,16959,19494,1,1,12,3,4,2,25,3,4,25,12,4,12,652.2692307692307,21,3.6666666666666665,0,0,0.037037037037037035,0.9615384615384616,1
33,0,Travel_Rarely,217,Sales,10,4,Marketing,2,Male,43,3,2,Sales Executive,3,Single,5487,10410,1,0,14,3,2,0,10,2,2,10,4,0,9,498.8181818181818,10,2.3333333333333335,0,0,0.058823529411764705,0.9090909090909091,1
33,1,Travel_Rarely,211,Sales,16,3,Life Sciences,1,Female,74,3,3,Sales Executive,1,Single,8564,10092,2,1,20,4,3,0,11,2,2,0,0,0,0,713.6666666666666,0,1.6666666666666667,1,0,0.11764705882352941,0.0,2
32,0,Travel_Rarely,906,Sales,7,3,Life Sciences,4,Male,91,2,2,Sales Executive,3,Married,5484,16985,1,0,14,3,3,1,13,3,2,13,8,4,8,391.7142857142857,9,3.3333333333333335,0,0,0.0625,0.9285714285714286,1
54,0,Travel_Frequently,1050,Research & Development,11,4,Medical,2,Female,87,3,4,Manager,4,Divorced,16032,24456,3,0,20,4,1,1,26,2,3,14,9,1,12,593.7777777777778,13,2.3333333333333335,0,0,0.07894736842105263,0.5185185185185185,0
31,0,Travel_Rarely,329,Research & Development,1,2,Life Sciences,4,Male,98,2,1,Laboratory Technician,1,Married,2218,16193,1,0,12,3,3,1,4,3,3,4,2,3,2,443.6,1,2.6666666666666665,0,0,0.06666666666666667,0.8,1
31,1,Travel_Frequently,703,Sales,2,3,Life Sciences,3,Female,90,2,1,Sales Representative,4,Single,2785,11882,7,0,14,3,3,0,3,3,4,1,0,0,0,696.25,1,3.3333333333333335,0,0,0.4666666666666667,0.25,2
42,0,Travel_Rarely,1210,Research & Development,2,3,Medical,3,Male,68,2,1,Laboratory Technician,2,Married,4841,24052,4,0,14,3,2,1,4,3,3,1,0,0,0,968.2,1,2.3333333333333335,0,0,0.15384615384615385,0.2,1
42,0,Travel_Rarely,419,Sales,12,4,Marketing,2,Male,77,3,2,Sales Executive,4,Divorced,5087,2900,3,1,12,3,3,2,14,4,3,0,0,0,0,339.1333333333333,0,3.0,0,0,0.11538461538461539,0.0,0
55,0,Travel_Rarely,836,Research & Development,8,3,Medical,4,Female,33,3,4,Manager,3,Divorced,14756,19730,2,1,14,3,3,3,21,2,3,5,0,0,2,670.7272727272727,5,3.3333333333333335,0,0,0.05128205128205128,0.22727272727272727,0
33,0,Travel_Rarely,1099,Research & Development,4,4,Medical,1,Female,82,2,1,Laboratory Technician,2,Married,3838,8192,8,0,11,3,4,0,8,5,3,5,4,0,2,426.44444444444446,5,2.3333333333333335,0,0,0.47058823529411764,0.5555555555555556,2
30,1,Travel_Rarely,138,Research & Development,22,3,Life Sciences,1,Female,48,3,1,Research Scientist,3,Married,2132,11539,4,1,11,3,2,0,7,2,3,5,2,0,1,266.5,5,2.0,0,0,0.2857142857142857,0.625,2
56,0,Travel_Frequently,906,Sales,6,3,Life Sciences,3,Female,86,4,4,Sales Executive,1,Married,13212,18256,9,0,11,3,4,3,36,0,2,7,7,7,7,357.0810810810811,0,2.6666666666666665,0,0,0.225,0.1891891891891892,0
41,0,Non-Travel,247,Research & Development,7,1,Life Sciences,2,Female,55,1,5,Research Director,3,Divorced,19973,20284,1,0,22,4,2,2,21,3,3,21,16,5,10,907.8636363636364,16,2.3333333333333335,0,1,0.04,0.9545454545454546,1
25,0,Travel_Rarely,959,Sales,28,3,Life Sciences,1,Male,41,2,2,Sales Executive,3,Married,8639,24835,2,0,18,3,4,0,6,3,3,2,2,2,2,1234.142857142857,0,2.6666666666666665,0,0,0.2222222222222222,0.2857142857142857,3
31,0,Travel_Rarely,326,Sales,8,2,Life Sciences,1,Male,31,3,3,Sales Executive,4,Divorced,10793,8386,1,0,18,3,1,1,13,5,3,13,7,9,9,770.9285714285714,4,2.0,0,0,0.06666666666666667,0.9285714285714286,0
55,0,Travel_Rarely,1441,Research & Development,22,3,Technical Degree,1,Male,94,2,1,Research Scientist,2,Divorced,3537,23737,5,0,12,3,4,1,8,1,3,4,2,1,2,393.0,3,2.3333333333333335,0,0,0.1282051282051282,0.4444444444444444,2
47,1,Travel_Frequently,719,Sales,27,2,Life Sciences,2,Female,77,4,2,Sales Executive,3,Single,6397,10339,4,1,12,3,4,0,8,2,3,5,4,1,3,710.7777777777778,4,3.0,0,0,0.12903225806451613,0.5555555555555556,2
52,0,Non-Travel,771,Sales,2,4,Life Sciences,1,Male,79,2,5,Manager,3,Single,19068,21030,1,1,18,3,4,0,33,2,4,33,7,15,12,560.8235294117648,18,2.6666666666666665,0,0,0.027777777777777776,0.9705882352941176,2
52,1,Travel_Rarely,1030,Sales,5,3,Life Sciences,2,Male,64,3,3,Sales Executive,2,Single,8446,21534,9,1,19,3,3,0,10,2,2,8,7,7,7,767.8181818181819,1,2.3333333333333335,1,0,0.25,0.7272727272727273,1
33,0,Travel_Rarely,147,Research & Development,4,4,Medical,3,Female,47,2,1,Research Scientist,2,Married,2622,13248,6,0,21,4,4,0,7,3,3,3,2,1,1,327.75,2,3.0,0,0,0.35294117647058826,0.375,2
27,0,Travel_Rarely,1469,Research & Development,1,2,Medical,4,Male,82,3,1,Laboratory Technician,2,Divorced,3816,17881,1,0,11,3,2,1,5,2,3,5,2,0,4,636.0,5,2.6666666666666665,0,0,0.09090909090909091,0.8333333333333334,0
35,0,Travel_Rarely,1029,Research & Development,16,3,Life Sciences,4,Female,91,2,3,Healthcare Representative,2,Single,8606,21195,1,0,19,3,4,0,11,3,1,11,8,3,3,717.1666666666666,8,3.3333333333333335,0,0,0.05263157894736842,0.9166666666666666,3
19,1,Travel_Rarely,528,Sales,22,1,Marketing,4,Male,50,3,1,Sales Representative,3,Single,1675,26820,1,1,19,3,4,0,0,2,2,0,0,0,0,1675.0,0,3.6666666666666665,1,0,0.3333333333333333,0.0,2
36,0,Travel_Frequently,688,Research & Development,4,2,Life Sciences,4,Female,97,3,2,Manufacturing Director,2,Divorced,5131,9192,7,0,13,3,2,3,18,3,3,4,2,0,2,270.05263157894734,4,2.6666666666666665,0,0,0.35,0.21052631578947367,0
45,0,Travel_Rarely,950,Research & Development,28,3,Technical Degree,4,Male,97,3,1,Research Scientist,4,Married,2132,4585,4,0,20,4,4,1,8,3,3,5,4,0,3,236.88888888888889,5,4.0,0,0,0.13793103448275862,0.5555555555555556,1
34,1,Travel_Frequently,658,Research & Development,7,3,Life Sciences,1,Male,66,1,2,Laboratory Technician,3,Single,6074,22887,1,1,24,4,4,0,9,3,3,9,7,0,6,607.4,9,2.6666666666666665,0,0,0.05555555555555555,0.9,2
29,0,Travel_Rarely,136,Research & Development,1,3,Life Sciences,1,Male,89,3,2,Healthcare Representative,1,Married,5373,6225,0,0,12,3,1,1,6,5,2,5,3,0,2,767.5714285714286,5,1.0,0,0,0.0,0.7142857142857143,0
34,0,Travel_Rarely,182,Research & Development,1,4,Life Sciences,2,Female,72,4,1,Research Scientist,4,Single,3280,13551,2,0,16,3,3,0,10,2,3,4,2,1,3,298.1818181818182,3,3.0,0,0,0.1111111111111111,0.36363636363636365,1
41,0,Travel_Rarely,796,Sales,4,1,Marketing,3,Female,81,3,3,Sales Executive,3,Divorced,10447,26458,0,1,13,3,4,1,23,3,4,22,14,13,5,435.2916666666667,9,3.3333333333333335,0,0,0.0,0.9166666666666666,0
31,0,Travel_Rarely,741,Research & Development,2,4,Life Sciences,2,Male,69,3,1,Laboratory Technician,3,Married,3477,18103,1,0,14,3,4,1,6,2,4,5,2,0,3,496.7142857142857,5,3.0,0,0,0.06666666666666667,0.7142857142857143,0
41,0,Travel_Rarely,549,Research & Development,7,2,Medical,4,Female,42,3,2,Manufacturing Director,3,Single,5003,23371,6,0,14,3,2,0,8,6,3,2,2,2,1,555.8888888888889,0,3.0,0,0,0.24,0.2222222222222222,1
49,0,Travel_Rarely,465,Research & Development,6,1,Life Sciences,3,Female,41,2,4,Healthcare Representative,3,Married,13966,11652,2,1,19,3,2,1,30,3,3,15,11,2,12,450.51612903225805,13,2.6666666666666665,0,0,0.06060606060606061,0.4838709677419355,1
32,0,Travel_Frequently,689,Sales,9,2,Medical,4,Male,35,1,2,Sales Executive,4,Divorced,4668,22812,0,0,17,3,4,3,9,2,4,8,7,0,7,466.8,8,4.0,0,0,0.0,0.8,1
43,0,Travel_Frequently,1422,Sales,2,4,Life Sciences,1,Male,92,3,2,Sales Executive,4,Married,5675,19246,1,0,20,4,3,1,7,5,3,7,7,7,7,709.375,0,2.6666666666666665,0,1,0.037037037037037035,0.875,0
40,1,Travel_Rarely,1329,Research & Development,7,3,Life Sciences,1,Male,73,3,1,Laboratory Technician,1,Single,2166,3339,3,1,14,3,2,0,10,3,1,4,2,0,3,196.9090909090909,4,1.3333333333333333,1,0,0.125,0.36363636363636365,1
28,0,Travel_Rarely,821,Sales,5,4,Medical,1,Male,98,3,2,Sales Executive,4,Single,4908,24252,1,0,14,3,2,0,4,3,3,4,2,0,2,981.6,4,2.3333333333333335,0,0,0.08333333333333333,0.8,1
36,0,Travel_Rarely,676,Research & Development,1,3,Other,3,Female,35,3,2,Manufacturing Director,2,Married,5228,23361,0,0,15,3,1,1,10,2,3,9,7,0,5,475.27272727272725,9,2.0,0,0,0.0,0.8181818181818182,0
44,0,Travel_Rarely,986,Research & Development,8,4,Life Sciences,1,Male,62,4,1,Laboratory Technician,4,Married,2818,5044,2,1,24,4,3,1,10,2,2,3,2,0,2,256.1818181818182,3,2.6666666666666665,1,0,0.07142857142857142,0.2727272727272727,0
36,0,Travel_Rarely,311,Research & Development,7,3,Life Sciences,1,Male,77,3,1,Laboratory Technician,2,Single,2013,10950,2,0,11,3,3,0,15,4,3,4,3,1,3,125.8125,3,2.0,0,0,0.1,0.25,1
28,0,Travel_Rarely,950,Research & Development,3,3,Medical,4,Female,93,3,3,Manufacturing Director,2,Divorced,7655,8039,0,0,17,3,2,3,10,3,2,9,7,1,7,695.9090909090909,8,2.6666666666666665,0,0,0.0,0.8181818181818182,0
21,1,Travel_Rarely,156,Sales,12,3,Life Sciences,3,Female,90,4,1,Sales Representative,2,Single,2716,25422,1,0,15,3,4,0,1,0,3,1,0,0,0,1358.0,1,3.0,0,0,0.2,0.5,1
30,1,Travel_Frequently,600,Human Resources,8,3,Human Resources,3,Female,66,2,1,Human Resources,4,Divorced,2180,9732,6,0,11,3,3,1,6,0,2,4,2,1,2,311.42857142857144,3,3.3333333333333335,0,0,0.42857142857142855,0.5714285714285714,1
26,1,Travel_Rarely,1146,Sales,8,3,Technical Degree,4,Male,38,2,2,Sales Executive,1,Single,5326,3064,6,0,17,3,3,0,6,2,2,4,3,1,2,760.8571428571429,3,2.6666666666666665,0,0,0.6,0.5714285714285714,2
40,0,Non-Travel,1151,Research & Development,9,5,Life Sciences,4,Male,63,2,2,Healthcare Representative,4,Married,4876,14242,9,0,14,3,4,1,5,5,1,3,2,0,2,812.6666666666666,3,4.0,0,0,0.375,0.5,1
24,0,Non-Travel,1269,Research & Development,4,1,Life Sciences,1,Male,46,2,1,Laboratory Technician,4,Married,3162,10778,0,0,17,3,4,0,6,2,2,5,2,3,4,451.7142857142857,2,3.0,0,0,0.0,0.7142857142857143,2
35,0,Travel_Rarely,1214,Research & Development,1,3,Medical,2,Male,30,2,1,Research Scientist,3,Single,2859,26278,1,0,18,3,1,0,6,3,3,6,4,0,4,408.42857142857144,6,2.0,0,0,0.05263157894736842,0.8571428571428571,2
37,0,Travel_Rarely,783,Research & Development,7,4,Medical,4,Male,78,3,2,Research Scientist,1,Married,4284,13588,5,1,22,4,3,1,16,2,3,5,3,0,4,252.0,5,2.6666666666666665,0,0,0.23809523809523808,0.29411764705882354,0
26,0,Travel_Frequently,496,Research & Development,11,2,Medical,1,Male,60,3,2,Healthcare Representative,1,Married,4741,22722,1,1,13,3,3,1,5,3,3,5,3,3,3,790.1666666666666,2,1.6666666666666667,0,0,0.1,0.8333333333333334,0
46,1,Travel_Rarely,669,Sales,9,2,Medical,3,Male,64,2,3,Sales Executive,4,Single,9619,13596,1,0,16,3,4,0,9,3,3,9,8,4,7,961.9,5,3.6666666666666665,0,0,0.03333333333333333,0.9,2
28,0,Travel_Rarely,866,Sales,5,3,Medical,4,Male,84,3,2,Sales Executive,1,Single,8463,23490,0,0,18,3,4,0,6,4,3,5,4,1,3,1209.0,4,3.0,0,0,0.0,0.7142857142857143,1
29,1,Travel_Rarely,806,Research & Development,7,3,Technical Degree,2,Female,39,3,1,Laboratory Technician,3,Divorced,3339,17285,3,1,13,3,1,2,10,2,3,7,7,7,7,303.54545454545456,0,2.0,0,0,0.23076923076923078,0.6363636363636364,0
36,0,Travel_Rarely,172,Research & Development,4,4,Life Sciences,1,Male,37,2,2,Laboratory Technician,4,Single,5810,22604,1,0,16,3,3,0,10,2,2,10,4,1,8,528.1818181818181,9,2.6666666666666665,0,0,0.05,0.9090909090909091,2
30,0,Travel_Rarely,125,Research & Development,9,2,Medical,4,Male,83,2,1,Laboratory Technician,3,Single,2206,16117,1,0,13,3,1,0,10,5,3,10,0,1,8,200.54545454545453,9,2.6666666666666665,0,0,0.07142857142857142,0.9090909090909091,2
29,0,Travel_Frequently,806,Research & Development,1,4,Life Sciences,2,Male,76,1,1,Research Scientist,4,Divorced,2720,18959,1,0,18,3,4,1,10,5,3,10,7,2,8,247.27272727272728,8,3.3333333333333335,0,0,0.07692307692307693,0.9090909090909091,1
29,0,Travel_Rarely,726,Research & Development,29,1,Life Sciences,4,Male,93,1,2,Healthcare Representative,3,Divorced,6384,21143,8,0,17,3,4,2,11,3,3,7,0,1,6,532.0,6,3.6666666666666665,0,0,0.6153846153846154,0.5833333333333334,2
34,0,Travel_Rarely,1333,Sales,10,4,Life Sciences,3,Female,87,3,1,Sales Representative,3,Married,2220,18410,1,1,19,3,4,1,1,2,3,1,1,0,0,1110.0,1,3.3333333333333335,0,0,0.05555555555555555,0.5,0
32,0,Travel_Rarely,859,Research & Development,4,3,Life Sciences,3,Female,98,2,2,Manufacturing Director,3,Married,6162,19124,1,0,12,3,3,1,14,3,3,14,13,6,8,410.8,8,3.0,0,0,0.0625,0.9333333333333333,1
42,0,Travel_Rarely,544,Human Resources,2,1,Technical Degree,3,Male,52,3,1,Human Resources,3,Divorced,2696,24017,0,1,11,3,3,1,4,5,3,3,2,1,0,539.2,2,3.0,0,0,0.0,0.6,0
30,0,Travel_Rarely,911,Research & Development,1,2,Medical,4,Male,76,3,1,Laboratory Technician,2,Married,3748,4077,1,0,13,3,3,0,12,6,2,12,8,1,7,288.3076923076923,11,3.0,0,0,0.07142857142857142,0.9230769230769231,1
48,0,Travel_Rarely,163,Sales,2,5,Marketing,2,Female,37,3,2,Sales Executive,4,Married,4051,19658,2,0,14,3,1,1,14,2,3,9,7,6,7,270.06666666666666,3,2.3333333333333335,0,0,0.0625,0.6,0
38,0,Travel_Rarely,371,Research & Development,2,3,Life Sciences,4,Male,45,3,1,Research Scientist,4,Single,3944,4306,5,1,11,3,3,0,6,3,3,3,2,1,2,563.4285714285714,2,3.6666666666666665,0,0,0.22727272727272727,0.42857142857142855,1
32,0,Travel_Rarely,128,Research & Development,2,1,Technical Degree,4,Male,84,2,2,Laboratory Technician,1,Single,2176,19737,4,0,13,3,4,0,9,5,3,6,2,0,4,217.6,6,3.0,0,0,0.25,0.6,2
35,0,Travel_Rarely,1232,Sales,16,3,Marketing,3,Male,96,3,3,Sales Executive,2,Married,8020,5100,0,0,15,3,3,2,12,3,2,11,9,6,9,616.9230769230769,5,2.6666666666666665,0,0,0.0,0.8461538461538461,1
44,0,Travel_Rarely,528,Human Resources,1,3,Life Sciences,3,Female,44,3,1,Human Resources,4,Divorced,3195,4167,4,1,18,3,1,3,8,2,3,2,2,2,2,355.0,0,2.6666666666666665,0,0,0.14285714285714285,0.2222222222222222,0
57,0,Travel_Rarely,405,Research & Development,1,2,Life Sciences,2,Male,93,4,2,Research Scientist,3,Married,4900,2721,0,0,24,4,1,1,13,2,2,12,9,2,8,350.0,10,2.0,0,0,0.0,0.8571428571428571,0
34,0,Travel_Rarely,181,Research & Development,2,4,Medical,4,Male,97,4,1,Research Scientist,4,Married,2932,5586,0,1,14,3,1,3,6,3,3,5,0,1,2,418.85714285714283,4,3.0,0,0,0.0,0.7142857142857143,0
49,1,Travel_Rarely,1184,Sales,11,3,Marketing,3,Female,43,3,3,Sales Executive,4,Married,7654,5860,1,0,18,3,1,2,9,3,4,9,8,7,7,765.4,2,2.6666666666666665,0,0,0.030303030303030304,0.9,0
38,0,Non-Travel,573,Research & Development,6,3,Medical,2,Female,79,1,2,Research Scientist,4,Divorced,5329,15717,7,1,12,3,4,3,17,3,3,13,11,1,9,296.05555555555554,12,3.3333333333333335,0,0,0.3181818181818182,0.7222222222222222,1
40,0,Travel_Rarely,989,Research & Development,4,1,Medical,4,Female,46,3,5,Manager,3,Married,19033,6499,1,0,14,3,2,1,21,2,3,20,8,9,9,865.1363636363636,11,3.0,0,0,0.041666666666666664,0.9090909090909091,0
53,0,Travel_Rarely,1223,Research & Development,7,2,Medical,4,Female,50,3,5,Manager,3,Divorced,18606,18640,3,0,18,3,2,1,26,6,3,7,7,4,7,689.1111111111111,3,3.0,0,0,0.08108108108108109,0.25925925925925924,0
29,0,Travel_Rarely,1283,Research & Development,23,3,Life Sciences,4,Male,54,3,1,Research Scientist,4,Single,2201,18168,9,0,16,3,4,0,6,4,3,3,2,1,2,314.42857142857144,2,4.0,0,0,0.6923076923076923,0.42857142857142855,2
44,1,Travel_Frequently,429,Research & Development,1,2,Medical,3,Male,99,3,1,Research Scientist,2,Divorced,2342,11092,1,1,12,3,3,3,6,2,2,5,3,2,3,334.57142857142856,3,2.6666666666666665,1,0,0.03571428571428571,0.7142857142857143,0
33,0,Travel_Frequently,1111,Sales,5,1,Life Sciences,2,Male,61,3,2,Sales Executive,4,Married,9998,19293,6,0,13,3,1,0,8,2,4,5,4,1,2,1110.888888888889,4,2.3333333333333335,0,0,0.35294117647058826,0.5555555555555556,1
44,0,Travel_Rarely,477,Research & Development,7,4,Medical,1,Female,42,2,3,Healthcare Representative,4,Married,10248,2094,3,0,14,3,4,1,24,4,3,22,6,5,17,409.92,17,3.0,0,0,0.10714285714285714,0.88,1
33,0,Travel_Rarely,575,Research & Development,25,3,Life Sciences,4,Male,44,2,2,Manufacturing Director,2,Single,4320,24152,1,0,13,3,4,0,5,2,3,5,3,0,2,720.0,5,3.3333333333333335,0,0,0.058823529411764705,0.8333333333333334,3
27,1,Travel_Frequently,1337,Human Resources,22,3,Human Resources,1,Female,58,2,1,Human Resources,2,Married,2863,19555,1,0,12,3,1,0,1,2,3,1,0,0,0,1431.5,1,1.3333333333333333,0,0,0.09090909090909091,0.5,3
29,0,Travel_Rarely,991,Sales,5,3,Medical,1,Male,43,2,2,Sales Executive,2,Divorced,4187,3356,1,1,13,3,2,1,10,3,2,10,0,0,9,380.6363636363636,10,1.6666666666666667,1,0,0.07692307692307693,0.9090909090909091,1
18,0,Non-Travel,287,Research & Development,5,2,Life Sciences,2,Male,73,3,1,Research Scientist,4,Single,1051,13493,1,0,15,3,4,0,0,2,3,0,0,0,0,1051.0,0,3.3333333333333335,0,0,0.5,0.0,1
43,0,Travel_Rarely,531,Sales,4,4,Marketing,4,Female,56,2,3,Sales Executive,4,Single,10231,20364,3,0,14,3,4,0,23,3,4,21,7,15,17,426.2916666666667,6,4.0,0,0,0.1111111111111111,0.875,2
29,0,Travel_Rarely,232,Research & Development,19,3,Technical Degree,4,Male,34,3,2,Manufacturing Director,4,Divorced,4262,22645,4,0,12,3,2,2,8,2,4,3,2,1,2,473.55555555555554,2,3.3333333333333335,0,0,0.3076923076923077,0.3333333333333333,1
32,0,Travel_Rarely,498,Research & Development,3,4,Medical,3,Female,93,3,2,Manufacturing Director,1,Married,6725,13554,1,0,12,3,3,1,8,2,4,8,7,6,3,747.2222222222222,2,2.3333333333333335,0,0,0.0625,0.8888888888888888,0
50,1,Travel_Rarely,410,Sales,28,3,Marketing,4,Male,39,2,3,Sales Executive,1,Divorced,10854,16586,4,1,13,3,2,1,20,3,3,3,2,2,0,516.8571428571429,1,2.3333333333333335,0,0,0.11764705882352941,0.14285714285714285,2
31,1,Travel_Frequently,1060,Sales,1,3,Life Sciences,4,Female,54,3,1,Sales Representative,2,Single,2302,8319,1,1,11,3,1,0,3,2,4,3,2,2,2,575.5,1,2.3333333333333335,0,0,0.06666666666666667,0.75,1
40,0,Travel_Rarely,1194,Research & Development,1,3,Life Sciences,3,Female,52,3,2,Healthcare Representative,4,Divorced,6513,9060,4,0,17,3,4,1,12,3,3,5,3,0,3,501.0,5,3.6666666666666665,0,0,0.16666666666666666,0.38461538461538464,0
30,0,Travel_Rarely,288,Research & Development,2,3,Life Sciences,3,Male,99,2,2,Healthcare Representative,4,Married,4152,15830,1,0,19,3,1,3,11,3,3,11,10,10,8,346.0,1,2.6666666666666665,0,0,0.07142857142857142,0.9166666666666666,1
31,1,Travel_Rarely,249,Sales,6,4,Life Sciences,2,Male,76,1,2,Sales Executive,3,Married,6172,20739,4,1,18,3,2,0,12,3,2,7,7,7,7,474.7692307692308,0,2.3333333333333335,1,0,0.26666666666666666,0.5384615384615384,2
35,0,Travel_Rarely,670,Research & Development,10,4,Medical,1,Female,51,3,2,Healthcare Representative,3,Single,6142,4223,3,1,16,3,3,0,10,4,3,5,2,0,4,558.3636363636364,5,2.3333333333333335,0,0,0.15789473684210525,0.45454545454545453,1
34,0,Travel_Rarely,1397,Research & Development,1,5,Life Sciences,2,Male,42,3,1,Research Scientist,4,Married,2691,7660,1,0,12,3,4,1,10,4,2,10,9,8,8,244.63636363636363,2,3.3333333333333335,0,0,0.05555555555555555,0.9090909090909091,0
28,0,Non-Travel,1476,Research & Development,1,3,Life Sciences,3,Female,55,1,2,Laboratory Technician,4,Married,6674,16392,0,0,11,3,1,3,10,6,3,9,8,7,5,606.7272727272727,2,2.6666666666666665,0,0,0.0,0.8181818181818182,1
40,0,Non-Travel,663,Research & Development,9,4,Other,3,Male,81,3,2,Laboratory Technician,3,Divorced,3975,23099,3,0,11,3,3,2,11,2,4,8,7,0,7,331.25,8,3.0,0,0,0.125,0.6666666666666666,0
46,0,Travel_Rarely,563,Sales,1,4,Life Sciences,4,Male,56,4,4,Manager,1,Single,17567,3156,1,0,15,3,2,0,27,5,1,26,0,0,12,627.3928571428571,26,2.3333333333333335,0,0,0.03333333333333333,0.9285714285714286,1
26,0,Travel_Rarely,933,Sales,1,3,Life Sciences,3,Male,57,3,2,Sales Executive,3,Married,5296,20156,1,0,17,3,2,1,8,3,3,8,7,7,7,588.4444444444445,1,2.6666666666666665,0,0,0.1,0.8888888888888888,0
30,0,Travel_Rarely,979,Sales,15,2,Marketing,3,Male,94,2,3,Sales Executive,1,Divorced,7140,3088,2,0,11,3,1,1,12,2,3,7,7,1,7,549.2307692307693,6,1.6666666666666667,0,0,0.14285714285714285,0.5384615384615384,1
35,1,Travel_Rarely,622,Research & Development,14,4,Other,3,Male,39,2,1,Laboratory Technician,2,Divorced,3743,10074,1,1,24,4,4,1,5,2,1,4,2,0,2,623.8333333333334,4,3.0,1,0,0.05263157894736842,0.6666666666666666,1
32,1,Travel_Rarely,1033,Research & Development,9,3,Medical,1,Female,41,3,1,Laboratory Technician,1,Single,4200,10224,7,0,22,4,1,0,10,2,4,5,4,0,4,381.8181818181818,5,1.0,0,0,0.4375,0.45454545454545453,1
30,0,Travel_Rarely,1176,Research & Development,20,3,Other,3,Male,85,3,2,Manufacturing Director,1,Married,9957,9096,0,0,15,3,3,1,7,1,2,6,2,0,2,1244.625,6,2.3333333333333335,0,0,0.0,0.75,1
34,0,Travel_Rarely,810,Sales,8,2,Technical Degree,2,Male,92,4,2,Sales Executive,3,Married,6799,22128,1,0,21,4,3,2,10,5,3,10,8,4,8,618.0909090909091,6,2.6666666666666665,0,1,0.05555555555555555,0.9090909090909091,0
35,0,Travel_Rarely,195,Sales,1,3,Medical,1,Female,80,3,2,Sales Executive,3,Single,4859,6698,1,0,16,3,4,0,5,3,3,5,4,0,3,809.8333333333334,5,2.6666666666666665,0,0,0.05263157894736842,0.8333333333333334,1
40,0,Travel_Rarely,444,Sales,2,2,Marketing,2,Female,92,3,2,Sales Executive,2,Married,5677,4258,3,0,14,3,3,1,15,4,3,11,8,5,10,354.8125,6,2.3333333333333335,0,0,0.125,0.6875,0
34,1,Travel_Rarely,790,Sales,24,4,Medical,1,Female,40,2,2,Sales Executive,2,Single,4599,7815,0,1,23,4,3,0,16,2,4,15,9,10,10,270.52941176470586,5,2.0,0,1,0.0,0.8823529411764706,3
38,0,Travel_Rarely,1206,Research & Development,9,2,Life Sciences,2,Male,71,3,1,Research Scientist,4,Divorced,4771,14293,2,0,19,3,4,2,10,0,4,5,2,0,3,433.72727272727275,5,3.3333333333333335,0,0,0.09090909090909091,0.45454545454545453,0
30,0,Travel_Rarely,634,Research & Development,17,4,Medical,2,Female,95,3,3,Manager,1,Married,11916,25927,1,1,23,4,4,2,9,2,3,9,1,0,8,1191.6,9,2.3333333333333335,0,0,0.07142857142857142,0.9,1
46,0,Travel_Rarely,1125,Sales,10,3,Marketing,3,Female,94,2,3,Sales Executive,4,Married,9071,11563,2,1,19,3,3,1,15,3,3,3,2,1,2,566.9375,2,3.3333333333333335,0,0,0.06666666666666667,0.1875,1
51,0,Travel_Rarely,1469,Research & Development,8,4,Life Sciences,2,Male,81,2,3,Research Director,2,Married,12490,15736,5,0,16,3,4,2,16,5,1,10,9,4,7,734.7058823529412,6,2.6666666666666665,0,0,0.14285714285714285,0.5882352941176471,1
23,0,Travel_Rarely,310,Research & Development,10,1,Medical,1,Male,79,4,1,Research Scientist,3,Single,3505,19630,1,0,18,3,4,0,2,3,3,2,2,0,2,1168.3333333333333,2,2.6666666666666665,0,0,0.14285714285714285,0.6666666666666666,1
55,0,Travel_Rarely,692,Research & Development,14,4,Medical,3,Male,61,4,5,Research Director,2,Single,18722,13339,8,0,11,3,4,0,36,3,3,24,15,2,15,506.0,22,3.0,0,0,0.20512820512820512,0.6486486486486487,1
46,0,Travel_Rarely,1277,Sales,2,3,Life Sciences,3,Male,74,3,3,Sales Executive,4,Divorced,10368,5596,4,1,12,3,2,1,13,5,2,10,6,0,3,740.5714285714286,10,3.0,1,0,0.13333333333333333,0.7142857142857143,0
30,0,Travel_Rarely,438,Research & Development,18,3,Life Sciences,1,Female,75,3,1,Research Scientist,3,Single,2632,23910,1,0,14,3,3,0,5,4,2,5,4,0,4,438.6666666666667,5,2.3333333333333335,0,0,0.07142857142857142,0.8333333333333334,2
58,0,Travel_Frequently,1216,Research & Development,15,4,Life Sciences,1,Male,87,3,4,Research Director,3,Married,15787,21624,2,1,14,3,2,0,23,3,3,2,2,2,2,657.7916666666666,0,2.0,0,0,0.047619047619047616,0.08333333333333333,1
51,0,Travel_Rarely,942,Research & Development,3,3,Technical Degree,1,Female,53,3,3,Manager,3,Married,13116,22984,2,0,11,3,4,0,15,2,3,2,2,2,2,819.75,0,2.6666666666666665,0,0,0.05714285714285714,0.125,1
42,0,Travel_Frequently,1474,Research & Development,5,2,Other,2,Male,97,3,1,Laboratory Technician,3,Married,2093,9260,4,0,17,3,4,1,8,4,3,2,2,2,0,232.55555555555554,0,3.0,0,0,0.15384615384615385,0.2222222222222222,0
31,0,Travel_Rarely,691,Sales,7,3,Marketing,4,Male,73,3,2,Sales Executive,4,Divorced,7547,7143,4,0,12,3,4,3,13,3,3,7,7,1,7,539.0714285714286,6,4.0,0,0,0.26666666666666666,0.5,0
34,0,Travel_Rarely,1440,Sales,7,2,Technical Degree,2,Male,55,3,1,Sales Representative,3,Married,2308,4944,0,1,25,4,2,1,12,4,3,11,10,5,7,177.53846153846155,6,2.3333333333333335,0,1,0.0,0.8461538461538461,0
60,0,Travel_Rarely,422,Research & Development,7,3,Life Sciences,1,Female,41,3,5,Manager,1,Married,19566,3854,5,0,11,3,4,0,33,5,1,29,8,11,10,575.4705882352941,18,2.0,0,0,0.11363636363636363,0.8529411764705882,1
37,0,Travel_Rarely,1462,Research & Development,11,3,Medical,1,Female,94,3,1,Laboratory Technician,3,Single,3629,19106,4,0,18,3,1,0,8,6,3,3,2,0,2,403.22222222222223,3,1.6666666666666667,0,0,0.19047619047619047,0.3333333333333333,1
35,0,Travel_Rarely,682,Sales,18,4,Medical,2,Male,71,3,2,Sales Executive,1,Married,5561,15975,0,0,16,3,4,1,6,2,1,5,3,0,4,794.4285714285714,5,2.3333333333333335,0,0,0.0,0.7142857142857143,1
46,0,Non-Travel,1144,Research & Development,7,4,Medical,3,Female,30,3,2,Manufacturing Director,3,Married,5258,16044,2,0,14,3,3,0,7,2,4,1,0,0,0,657.25,1,3.0,0,0,0.06666666666666667,0.125,1
23,1,Travel_Rarely,427,Sales,7,3,Life Sciences,3,Male,99,3,1,Sales Representative,4,Divorced,2275,25103,1,1,21,4,2,1,3,2,3,3,2,0,2,568.75,3,3.0,0,0,0.14285714285714285,0.75,0
38,0,Travel_Rarely,1009,Sales,2,2,Life Sciences,2,Female,31,3,2,Sales Executive,1,Divorced,6893,19461,3,0,15,3,4,1,11,3,3,7,7,1,7,574.4166666666666,6,2.3333333333333335,0,0,0.13636363636363635,0.5833333333333334,0
22,0,Travel_Rarely,217,Research & Development,8,1,Life Sciences,2,Male,94,1,1,Laboratory Technician,1,Married,2451,6881,1,0,15,3,1,1,4,3,2,4,3,1,1,490.2,3,1.3333333333333333,0,0,0.16666666666666666,0.8,1
36,0,Travel_Rarely,430,Research & Development,2,4,Other,4,Female,73,3,2,Research Scientist,2,Married,6962,19573,4,1,22,4,4,1,15,2,3,1,0,0,0,435.125,1,3.3333333333333335,0,0,0.2,0.0625,0
39,0,Travel_Frequently,766,Sales,20,3,Life Sciences,3,Male,83,3,2,Sales Executive,4,Divorced,4127,19188,2,0,18,3,4,1,7,6,3,2,1,2,2,515.875,0,3.6666666666666665,0,0,0.08695652173913043,0.25,1
